Human,SARS-CoV2,Score
Q96JC1,P0DTC6,0.067
Q96JC1,P0DTC2,1.395
Q96JC1,P0DTC7,0.27
Q96JC1,P0DTC5,0.91
Q96JC1,P0DTC4,0.953
Q96JC1,P0DTC3,0.554
Q96JC1,P0DTC1,0.623
Q96JC1,P0DTC8,0.021
Q96JC1,P0DTC9,0.344
Q96JC1,P0DTD2,0.072
Q96JC1,P0DTD3,0.248
Q9Y3U8,P0DTC2,0.23
Q9Y3U8,P0DTC7,0.003
Q9Y3U8,P0DTC5,0.214
Q9Y3U8,P0DTC4,0.221
Q9Y3U8,P0DTC3,0.261
Q9Y3U8,P0DTC1,1.679
Q9Y3U8,P0DTC9,0.397
Q9Y3U8,P0DTC8,0.007
Q9NQT5,P0DTF1,0.196
Q9NQT5,P0DTC2,0.438
Q9NQT5,P0DTC6,0.363
Q9NQT5,P0DTC7,0.346
Q9NQT5,P0DTC5,0.423
Q9NQT5,P0DTC4,0.234
Q9NQT5,P0DTC3,0.276
Q9NQT5,P0DTC1,2.938
Q9NQT5,P0DTC9,0.408
Q9NQT5,P0DTC8,0.007
Q9NQT5,P0DTD2,0.566
Q9NQT4,P0DTC2,0.612
Q9NQT4,P0DTC7,0.003
Q9NQT4,P0DTC5,0.247
Q9NQT4,P0DTC4,0.247
Q9NQT4,P0DTC3,0.301
Q9NQT4,P0DTC1,3.103
Q9NQT4,P0DTC9,3.43
P33527,P0DTC7,0.178
P33527,P0DTC5,0.295
P33527,P0DTC2,0.282
P33527,P0DTC4,0.295
P33527,P0DTC3,0.275
P33527,P0DTC1,1.568
P33527,P0DTC9,0.972
A3KN83,P0DTC2,1.007
A3KN83,P0DTC4,1.287
A3KN83,P0DTC1,1.657
A3KN83,P0DTC9,1.287
A3KN83,P0DTC8,1.287
O00203,P0DTF1,0.083
O00203,P0DTC7,0.68
O00203,P0DTC6,0.457
O00203,P0DTC5,0.708
O00203,P0DTC4,2.477
O00203,P0DTC3,0.527
O00203,P0DTC2,3.281
O00203,P0DTC1,1.602
O00203,P0DTC8,1.867
O00203,P0DTC9,2.089
O00203,P0DTD2,0.427
O00203,P0DTD3,0.185
Q9HAU0,P0DTC2,0.791
Q9HAU0,P0DTC6,0.037
Q9HAU0,P0DTC7,0.045
Q9HAU0,P0DTC5,0.286
Q9HAU0,P0DTC4,0.303
Q9HAU0,P0DTC3,0.393
Q9HAU0,P0DTC1,0.554
Q9HAU0,P0DTC9,0.502
Q9HAU0,P0DTC8,0.056
Q9HAU0,P0DTD2,0.046
Q9HAU0,P0DTD3,0.019
P61970,P0DTC7,0.591
P61970,P0DTC6,0.422
P61970,P0DTC5,0.672
P61970,P0DTC4,2.104
P61970,P0DTC3,0.632
P61970,P0DTC2,2.144
P61970,P0DTC1,2.097
P61970,P0DTC8,1.416
P61970,P0DTC9,1.899
P61970,P0DTD2,0.44
P61970,P0DTD3,0.371
P16435,P0DTF1,0.138
P16435,P0DTC7,1.928
P16435,P0DTC6,0.902
P16435,P0DTC5,1.95
P16435,P0DTC4,2.182
P16435,P0DTC3,1.371
P16435,P0DTC2,2.199
P16435,P0DTC1,3.992
P16435,P0DTC8,0.024
P16435,P0DTC9,0.786
P16435,P0DTD2,0.541
P16435,P0DTD3,2.424
Q9NZL9,P0DTC2,1.179
Q9NZL9,P0DTC6,0.014
Q9NZL9,P0DTC7,0.012
Q9NZL9,P0DTC5,0.212
Q9NZL9,P0DTC4,1.496
Q9NZL9,P0DTC3,0.197
Q9NZL9,P0DTC1,1.236
Q9NZL9,P0DTC8,1.284
Q9NZL9,P0DTC9,1.702
Q9NZL9,P0DTD2,0.014
Q8WTV0,P0DTC7,0.593
Q8WTV0,P0DTC6,0.147
Q8WTV0,P0DTC5,2.026
Q8WTV0,P0DTC4,2.619
Q8WTV0,P0DTC3,0.762
Q8WTV0,P0DTC2,3.236
Q8WTV0,P0DTC1,2.902
Q8WTV0,P0DTC8,0.518
Q8WTV0,P0DTC9,1.057
Q8WTV0,P0DTD2,0.13
Q8WTV0,P0DTD3,0.772
Q13724,P0DTC5,2.238
Q13724,P0DTC2,5.219
Q13724,P0DTC7,1.493
Q13724,P0DTC6,0.016
Q13724,P0DTC4,2.844
Q13724,P0DTC3,1.577
Q13724,P0DTC1,4.768
Q13724,P0DTC8,0.019
Q13724,P0DTC9,0.229
Q13724,P0DTD2,0.019
Q13724,P0DTD3,3.627
Q6ZRP7,P0DTC2,0.583
Q6ZRP7,P0DTC6,0.019
Q6ZRP7,P0DTC7,0.199
Q6ZRP7,P0DTC5,0.643
Q6ZRP7,P0DTC4,0.682
Q6ZRP7,P0DTC3,0.605
Q6ZRP7,P0DTC1,0.554
Q6ZRP7,P0DTC9,0.293
Q6ZRP7,P0DTC8,0.013
Q6ZRP7,P0DTD2,0.013
Q6ZRP7,P0DTD3,0.248
Q8N8E3,P0DTC6,0.031
Q8N8E3,P0DTC2,0.261
Q8N8E3,P0DTC7,0.033
Q8N8E3,P0DTC5,0.168
Q8N8E3,P0DTC4,0.172
Q8N8E3,P0DTC3,0.219
Q8N8E3,P0DTC1,0.085
Q8N8E3,P0DTC8,0.024
Q8N8E3,P0DTC9,0.118
Q8N8E3,P0DTD2,0.024
Q8N8E3,P0DTD3,0.01
Q9BZQ6,P0DTF1,0.155
Q9BZQ6,P0DTC2,0.621
Q9BZQ6,P0DTC6,0.543
Q9BZQ6,P0DTC7,0.505
Q9BZQ6,P0DTC5,0.351
Q9BZQ6,P0DTC4,0.199
Q9BZQ6,P0DTC3,0.385
Q9BZQ6,P0DTC1,3.1
Q9BZQ6,P0DTC9,0.518
Q9BZQ6,P0DTC8,0.013
Q9BZQ6,P0DTD2,0.378
Q9BZQ6,P0DTD3,0.015
Q9BSF4,P0DTC2,2.126
Q9BSF4,P0DTC6,0.016
Q9BSF4,P0DTC5,2.522
Q9BSF4,P0DTC7,1.71
Q9BSF4,P0DTC4,3.128
Q9BSF4,P0DTC3,1.88
Q9BSF4,P0DTC1,1.42
Q9BSF4,P0DTC8,0.019
Q9BSF4,P0DTC9,0.335
Q9BSF4,P0DTD2,0.019
Q9BSF4,P0DTD3,3.627
O94826,P0DTC5,2.256
O94826,P0DTC6,0.016
O94826,P0DTC2,3.691
O94826,P0DTC7,1.629
O94826,P0DTC4,2.869
O94826,P0DTC3,1.795
O94826,P0DTC1,3.334
O94826,P0DTC9,0.401
O94826,P0DTC8,0.026
O94826,P0DTD2,0.019
O94826,P0DTD3,3.627
Q5JSZ5,P0DTC4,0.01
Q5JSZ5,P0DTC2,0.03
Q5JSZ5,P0DTC1,0.795
Q5JSZ5,P0DTC9,0.01
Q5JSZ5,P0DTC8,0.01
Q13206,P0DTC2,0.023
Q13206,P0DTC4,0.007
Q13206,P0DTC1,2.228
Q13206,P0DTC8,0.007
Q13206,P0DTC9,0.791
Q9H4P4,P0DTC2,1.502
Q9H4P4,P0DTC7,0.041
Q9H4P4,P0DTC6,0.051
Q9H4P4,P0DTC5,0.26
Q9H4P4,P0DTC4,1.578
Q9H4P4,P0DTC3,0.307
Q9H4P4,P0DTC1,5.8
Q9H4P4,P0DTC8,1.318
Q9H4P4,P0DTC9,2.243
Q9H4P4,P0DTD2,0.051
P12268,P0DTF1,0.232
O95573,P0DTF1,0.102
O75592,P0DTF1,0.651
P62873,P0DTF1,0.218
Q9NR30,P0DTF1,1.111
P31323,P0DTF1,0.162
P78406,P0DTF1,0.194
P62877,P0DTF1,0.196
O76061,P0DTF1,0.248
Q8IV08,P0DTF1,0.277
P05556,P0DTF1,0.112
O14656,P0DTF1,0.15
O95613,P0DTF1,0.107
P61106,P0DTF1,1.915
P17612,P0DTF1,0.174
Q96F46,P0DTF1,0.514
Q86UT6,P0DTF1,1.025
Q7KZI7,P0DTF1,0.388
P27105,P0DTF1,0.948
P09601,P0DTF1,0.232
Q96AY3,P0DTF1,0.119
Q92820,P0DTF1,0.332
Q04726,P0DTF1,0.388
Q99996,P0DTF1,0.15
O76024,P0DTF1,0.147
Q8IWR1,P0DTF1,2.193
Q13546,P0DTF1,0.416
Q13283,P0DTF1,0.665
Q92769,P0DTF1,0.288
O43823,P0DTF1,0.621
P61586,P0DTF1,0.121
P37198,P0DTF1,0.35
Q9Y4L1,P0DTF1,0.388
P21964,P0DTF1,0.183
P12109,P0DTF1,0.259
P35241,P0DTF1,0.416
Q4KMQ2,P0DTF1,1.278
Q9UHD2,P0DTF1,1.616
O96028,P0DTF1,0.172
Q9NY61,P0DTF1,0.111
Q9BQ95,P0DTF1,0.707
Q04724,P0DTF1,0.388
P05026,P0DTF1,0.15
P35555,P0DTF1,0.601
Q12770,P0DTF1,0.21
Q9NXA8,P0DTF1,0.61
P55085,P0DTF1,0.506
Q6UUV7,P0DTF1,0.232
P67870,P0DTF1,0.291
Q8TAD8,P0DTF1,0.517
O14578,P0DTF1,0.393
Q6Y7W6,P0DTF1,0.106
P07203,P0DTF1,0.668
A7MCY6,P0DTF1,0.707
P11310,P0DTF1,0.152
Q9UN86,P0DTF1,0.353
P62330,P0DTF1,0.111
Q9P0L2,P0DTF1,0.388
O14745,P0DTF1,0.295
Q08117,P0DTF1,0.179
P00750,P0DTF1,0.15
P28300,P0DTF1,0.252
Q96IV0,P0DTF1,0.581
Q8N183,P0DTF1,0.196
P19784,P0DTF1,0.111
P26358,P0DTF1,0.155
Q13443,P0DTF1,0.343
Q7Z2K6,P0DTC6,0.017
Q7Z2K6,P0DTC2,1.374
Q7Z2K6,P0DTC7,1.283
Q7Z2K6,P0DTC5,1.624
Q7Z2K6,P0DTC4,2.006
Q7Z2K6,P0DTC3,1.21
Q7Z2K6,P0DTC1,3.823
Q7Z2K6,P0DTC8,0.019
Q7Z2K6,P0DTC9,0.256
Q7Z2K6,P0DTD2,0.019
Q7Z2K6,P0DTD3,2.542
P55789,P0DTC7,0.038
P55789,P0DTC6,0.029
P55789,P0DTC5,0.158
P55789,P0DTC2,0.733
P55789,P0DTC4,0.169
P55789,P0DTC3,0.296
P55789,P0DTC1,1.262
P55789,P0DTC8,0.04
P55789,P0DTC9,0.652
P55789,P0DTD2,0.035
P55789,P0DTD3,0.019
P11233,P0DTC7,0.17
P11233,P0DTC6,0.069
P11233,P0DTC5,0.596
P11233,P0DTC4,1.669
P11233,P0DTC3,0.291
P11233,P0DTC2,2.349
P11233,P0DTC1,1.901
P11233,P0DTC8,1.087
P11233,P0DTC9,1.252
P11233,P0DTD2,0.051
P11233,P0DTD3,0.019
Q9Y673,P0DTC2,1.842
Q9Y673,P0DTC6,0.016
Q9Y673,P0DTC7,1.512
Q9Y673,P0DTC5,2.251
Q9Y673,P0DTC4,2.857
Q9Y673,P0DTC3,1.586
Q9Y673,P0DTC1,2.335
Q9Y673,P0DTC9,0.198
Q9Y673,P0DTC8,0.019
Q9Y673,P0DTD2,0.019
Q9Y673,P0DTD3,3.627
Q9NP72,P0DTC2,0.669
Q9NP72,P0DTC7,0.217
Q9NP72,P0DTC6,0.035
Q9NP72,P0DTC5,0.602
Q9NP72,P0DTC4,0.651
Q9NP72,P0DTC3,0.499
Q9NP72,P0DTC1,2.152
Q9NP72,P0DTC8,0.049
Q9NP72,P0DTC9,1.636
Q9NP72,P0DTD2,0.042
Q9NP72,P0DTD3,0.254
Q86YB8,P0DTC2,0.964
Q86YB8,P0DTC7,0.05
Q86YB8,P0DTC5,0.468
Q86YB8,P0DTC4,1.11
Q86YB8,P0DTC3,0.399
Q86YB8,P0DTC1,1.635
Q86YB8,P0DTC9,1.728
Q86YB8,P0DTC8,0.642
P62873,P0DTC7,0.721
P62873,P0DTC6,0.506
P62873,P0DTC5,0.764
P62873,P0DTC4,1.696
P62873,P0DTC3,0.459
P62873,P0DTC2,2.083
P62873,P0DTC1,3.813
P62873,P0DTC8,1.168
P62873,P0DTC9,1.758
P62873,P0DTD2,0.273
P62873,P0DTD3,0.137
P62877,P0DTC7,0.211
P62877,P0DTC6,0.22
P62877,P0DTC5,0.318
P62877,P0DTC4,1.054
P62877,P0DTC3,0.168
P62877,P0DTC2,1.084
P62877,P0DTC1,5.157
P62877,P0DTC8,0.949
P62877,P0DTC9,1.482
P62877,P0DTD2,0.41
P62877,P0DTD3,0.01
O00566,P0DTC5,0.219
O00566,P0DTC6,0.15
O00566,P0DTC2,0.588
O00566,P0DTD2,0.15
O00566,P0DTC7,0.116
O00566,P0DTC4,0.229
O00566,P0DTC3,0.275
O00566,P0DTC1,2.107
O00566,P0DTC9,0.157
O00566,P0DTC8,0.01
Q96F45,P0DTC2,1.295
Q96F45,P0DTC7,0.078
Q96F45,P0DTC6,0.099
Q96F45,P0DTC4,1.803
Q96F45,P0DTC1,2.637
Q96F45,P0DTC8,1.803
Q96F45,P0DTC9,2.097
Q96F45,P0DTD2,0.067
Q96F46,P0DTC2,1.771
Q96F46,P0DTC6,1.277
Q96F46,P0DTC7,1.447
Q96F46,P0DTC5,0.727
Q96F46,P0DTC4,0.547
Q96F46,P0DTC3,0.475
Q96F46,P0DTC1,1.972
Q96F46,P0DTC9,0.101
Q96F46,P0DTC8,0.019
Q96F46,P0DTD2,1.299
Q96F46,P0DTD3,0.019
O76024,P0DTC7,1.028
O76024,P0DTC6,0.694
O76024,P0DTC5,1.938
O76024,P0DTC4,3.67
O76024,P0DTC3,1.64
O76024,P0DTC2,3.364
O76024,P0DTC1,2.886
O76024,P0DTC8,1.799
O76024,P0DTC9,2.207
O76024,P0DTD2,0.365
O76024,P0DTD3,0.744
Q15369,P0DTC7,0.002
Q15369,P0DTC5,0.339
Q15369,P0DTC4,0.339
Q15369,P0DTC3,0.408
Q15369,P0DTC2,0.314
Q15369,P0DTC1,1.531
Q15369,P0DTC9,0.479
Q9UHI8,P0DTC2,0.526
Q9UHI8,P0DTC7,0.039
Q9UHI8,P0DTC6,0.027
Q9UHI8,P0DTC5,0.031
Q9UHI8,P0DTC4,0.036
Q9UHI8,P0DTC3,0.051
Q9UHI8,P0DTC1,5.992
Q9UHI8,P0DTC9,0.304
Q9UHI8,P0DTC8,0.029
Q9UHI8,P0DTD2,0.029
Q9UHI8,P0DTD3,0.014
O60573,P0DTC5,0.152
O60573,P0DTC2,0.862
O60573,P0DTC7,0.374
O60573,P0DTC6,0.432
O60573,P0DTC4,0.628
O60573,P0DTC3,0.201
O60573,P0DTC1,3.844
O60573,P0DTC9,0.876
O60573,P0DTC8,0.476
O60573,P0DTD2,0.338
P14735,P0DTC7,0.314
P14735,P0DTC6,0.282
P14735,P0DTC5,0.293
P14735,P0DTC4,1.164
P14735,P0DTC3,0.318
P14735,P0DTC2,1.677
P14735,P0DTC1,5.496
P14735,P0DTC8,0.888
P14735,P0DTC9,1.523
P14735,P0DTD2,0.286
P14735,P0DTD3,0.01
Q9H7F0,P0DTC2,2.592
Q9H7F0,P0DTC6,0.016
Q9H7F0,P0DTC7,1.59
Q9H7F0,P0DTC5,3.097
Q9H7F0,P0DTC4,3.703
Q9H7F0,P0DTC3,2.713
Q9H7F0,P0DTC1,2.639
Q9H7F0,P0DTC9,0.965
Q9H7F0,P0DTC8,0.019
Q9H7F0,P0DTD2,0.019
Q9H7F0,P0DTD3,3.627
P35241,P0DTC7,1.069
P35241,P0DTC6,0.936
P35241,P0DTC5,0.767
P35241,P0DTC4,1.919
P35241,P0DTC3,0.333
P35241,P0DTC2,2.545
P35241,P0DTC1,2.842
P35241,P0DTC8,1.582
P35241,P0DTC9,1.689
P35241,P0DTD2,0.656
P35241,P0DTD3,0.195
P0C7P0,P0DTC5,0.092
P0C7P0,P0DTC2,1.27
P0C7P0,P0DTC7,0.003
P0C7P0,P0DTC4,0.102
P0C7P0,P0DTC3,0.24
P0C7P0,P0DTC1,1.082
P0C7P0,P0DTC9,0.151
P0C7P0,P0DTC8,0.01
O75439,P0DTC6,0.016
O75439,P0DTC5,0.53
O75439,P0DTC2,1.005
O75439,P0DTC7,0.185
O75439,P0DTC4,0.534
O75439,P0DTC3,0.527
O75439,P0DTC1,4.514
O75439,P0DTC9,0.598
O75439,P0DTC8,0.021
O75439,P0DTD2,0.021
O75439,P0DTD3,0.01
Q2T9J0,P0DTC7,0.003
Q2T9J0,P0DTC5,0.319
Q2T9J0,P0DTC4,1.733
Q2T9J0,P0DTC3,0.334
Q2T9J0,P0DTC2,1.683
Q2T9J0,P0DTC1,4.671
Q2T9J0,P0DTC9,1.867
Q2T9J0,P0DTC8,1.414
O75534,P0DTC5,0.149
O75534,P0DTC6,0.034
O75534,P0DTD2,0.042
O75534,P0DTC2,2.464
O75534,P0DTC7,0.04
O75534,P0DTC4,0.166
O75534,P0DTC3,0.189
O75534,P0DTC1,4.608
O75534,P0DTC9,0.387
O75534,P0DTC8,0.052
O75534,P0DTD3,0.019
P61019,P0DTC6,0.032
P61019,P0DTC7,0.27
P61019,P0DTC5,0.727
P61019,P0DTC4,0.775
P61019,P0DTC3,0.726
P61019,P0DTC2,0.907
P61019,P0DTC1,1.317
P61019,P0DTC9,0.638
P61019,P0DTC8,0.044
P61019,P0DTD2,0.036
P61019,P0DTD3,0.283
P49643,P0DTC7,0.003
P49643,P0DTC5,0.309
P49643,P0DTC4,0.319
P49643,P0DTC3,0.433
P49643,P0DTC2,0.64
P49643,P0DTC1,2.409
P49643,P0DTC9,2.32
P49643,P0DTC8,0.01
P49642,P0DTC7,0.003
P49642,P0DTC5,0.258
P49642,P0DTC4,0.266
P49642,P0DTC3,0.362
P49642,P0DTC2,0.563
P49642,P0DTC1,0.781
P49642,P0DTC8,0.008
P49642,P0DTC9,0.196
Q8IWJ2,P0DTC2,1.711
Q8IWJ2,P0DTC7,0.003
Q8IWJ2,P0DTC5,0.285
Q8IWJ2,P0DTC4,2.117
Q8IWJ2,P0DTC3,0.341
Q8IWJ2,P0DTC1,1.634
Q8IWJ2,P0DTC8,1.832
Q8IWJ2,P0DTC9,2.297
Q9HCE1,P0DTC2,0.662
Q9HCE1,P0DTC7,0.041
Q9HCE1,P0DTC6,0.032
Q9HCE1,P0DTC5,0.229
Q9HCE1,P0DTC4,0.245
Q9HCE1,P0DTC3,0.323
Q9HCE1,P0DTC1,3.759
Q9HCE1,P0DTC9,1.233
Q9HCE1,P0DTC8,0.049
Q9HCE1,P0DTD2,0.042
Q9HCE1,P0DTD3,0.019
P06280,P0DTC5,0.472
P06280,P0DTC2,1.247
P06280,P0DTC7,0.003
P06280,P0DTC4,1.28
P06280,P0DTC3,0.444
P06280,P0DTC1,3.446
P06280,P0DTC9,1.227
P06280,P0DTC8,0.808
Q9Y6E2,P0DTC2,1.27
Q9Y6E2,P0DTC7,0.002
Q9Y6E2,P0DTC5,0.055
Q9Y6E2,P0DTC4,1.858
Q9Y6E2,P0DTC3,0.032
Q9Y6E2,P0DTC1,0.831
Q9Y6E2,P0DTC9,1.822
Q9Y6E2,P0DTC8,1.803
Q08117,P0DTC6,0.571
Q08117,P0DTC5,0.179
Q08117,P0DTC2,1.518
Q08117,P0DTC7,0.539
Q08117,P0DTC4,1.414
Q08117,P0DTC1,2.642
Q08117,P0DTC8,1.414
Q08117,P0DTC9,1.414
Q08117,P0DTD2,0.225
P12268,P0DTC5,0.696
P12268,P0DTC7,0.747
P12268,P0DTC6,0.74
P12268,P0DTC4,0.471
P12268,P0DTC3,0.507
P12268,P0DTC2,1.015
P12268,P0DTC1,3.104
P12268,P0DTC8,0.007
P12268,P0DTC9,2.342
P12268,P0DTD2,0.643
Q9NR30,P0DTC5,1.362
Q9NR30,P0DTC7,1.672
Q9NR30,P0DTC6,1.714
Q9NR30,P0DTC4,1.255
Q9NR30,P0DTC3,1.033
Q9NR30,P0DTC2,1.96
Q9NR30,P0DTC1,5.874
Q9NR30,P0DTC8,0.028
Q9NR30,P0DTC9,1.548
Q9NR30,P0DTD2,1.55
Q9NR30,P0DTD3,0.019
Q96K12,P0DTC5,0.535
Q96K12,P0DTC2,0.734
Q96K12,P0DTC7,0.096
Q96K12,P0DTC4,0.535
Q96K12,P0DTC3,0.623
Q96K12,P0DTC1,1.463
Q96K12,P0DTC9,0.464
Q9BQ95,P0DTC6,1.183
Q9BQ95,P0DTC5,1.137
Q9BQ95,P0DTC2,1.609
Q9BQ95,P0DTC7,1.255
Q9BQ95,P0DTC4,0.923
Q9BQ95,P0DTC3,0.933
Q9BQ95,P0DTC1,1.351
Q9BQ95,P0DTC9,0.505
Q9BQ95,P0DTD2,1.264
Q99081,P0DTC5,0.221
Q99081,P0DTC2,1.035
Q99081,P0DTC7,0.148
Q99081,P0DTC6,0.128
Q99081,P0DTC4,0.966
Q99081,P0DTC3,0.266
Q99081,P0DTC1,3.06
Q99081,P0DTC8,0.745
Q99081,P0DTC9,1.49
Q99081,P0DTD2,0.1
O95070,P0DTC5,0.71
O95070,P0DTC2,1.094
O95070,P0DTC7,0.231
O95070,P0DTC6,0.032
O95070,P0DTC4,0.776
O95070,P0DTC3,0.62
O95070,P0DTC1,0.289
O95070,P0DTC9,0.343
O95070,P0DTC8,0.042
O95070,P0DTD2,0.042
O95070,P0DTD3,0.371
P25440,P0DTC7,0.002
P25440,P0DTC2,1.306
P25440,P0DTC5,0.326
P25440,P0DTC4,1.23
P25440,P0DTC3,0.388
P25440,P0DTC1,1.745
P25440,P0DTC8,0.904
P25440,P0DTC9,1.102
Q8N0Z8,P0DTC2,0.637
Q8N0Z8,P0DTC7,0.002
Q8N0Z8,P0DTC5,0.095
Q8N0Z8,P0DTC4,0.095
Q8N0Z8,P0DTC3,0.214
Q8N0Z8,P0DTC1,1.747
Q8N0Z8,P0DTC9,3.138
O43169,P0DTC5,2.127
O43169,P0DTC2,1.788
O43169,P0DTC7,1.562
O43169,P0DTC6,0.016
O43169,P0DTC4,2.74
O43169,P0DTC3,1.639
O43169,P0DTC1,3.226
O43169,P0DTC9,0.483
O43169,P0DTC8,0.026
O43169,P0DTD2,0.019
O43169,P0DTD3,3.627
Q8N3C7,P0DTC5,0.122
Q8N3C7,P0DTC2,1.144
Q8N3C7,P0DTC7,0.001
Q8N3C7,P0DTC4,1.587
Q8N3C7,P0DTC3,0.166
Q8N3C7,P0DTC1,0.743
Q8N3C7,P0DTC8,1.465
Q8N3C7,P0DTC9,1.579
Q7L8L6,P0DTC6,0.376
Q7L8L6,P0DTC2,0.856
Q7L8L6,P0DTC7,0.352
Q7L8L6,P0DTC5,0.117
Q7L8L6,P0DTC4,0.127
Q7L8L6,P0DTC3,0.211
Q7L8L6,P0DTC1,2.937
Q7L8L6,P0DTC8,0.01
Q7L8L6,P0DTC9,0.145
Q7L8L6,P0DTD2,0.382
P38435,P0DTC7,0.075
P38435,P0DTC5,0.386
P38435,P0DTC2,0.726
P38435,P0DTC4,0.393
P38435,P0DTC3,0.328
P38435,P0DTC8,0.007
P38435,P0DTC9,0.196
Q6UX04,P0DTC7,0.054
Q6UX04,P0DTC6,0.063
Q6UX04,P0DTC5,0.273
Q6UX04,P0DTC4,0.273
Q6UX04,P0DTC3,0.39
Q6UX04,P0DTC2,0.315
Q6UX04,P0DTC1,1.077
Q6UX04,P0DTC9,0.209
Q6UX04,P0DTD2,0.03
Q9H4F8,P0DTC2,0.566
Q9H4F8,P0DTC7,0.006
Q9H4F8,P0DTC5,0.012
Q9H4F8,P0DTC4,0.022
Q9H4F8,P0DTC3,0.014
Q9H4F8,P0DTC1,1.391
Q9H4F8,P0DTC9,0.327
Q9H4F8,P0DTC8,0.01
Q9UN86,P0DTC2,1.297
Q9UN86,P0DTC7,0.808
Q9UN86,P0DTC6,0.806
Q9UN86,P0DTC5,0.516
Q9UN86,P0DTC4,0.5
Q9UN86,P0DTC3,0.466
Q9UN86,P0DTC1,3.171
Q9UN86,P0DTC9,0.439
Q9UN86,P0DTC8,0.008
Q9UN86,P0DTD2,0.657
P00750,P0DTC7,0.853
P00750,P0DTC6,0.909
P00750,P0DTC5,0.356
P00750,P0DTC4,1.655
P00750,P0DTC3,0.187
P00750,P0DTC2,1.846
P00750,P0DTC1,4.978
P00750,P0DTC8,1.481
P00750,P0DTC9,1.551
P00750,P0DTD2,0.72
P00750,P0DTD3,0.019
P27448,P0DTC2,0.924
P27448,P0DTC7,0.002
P27448,P0DTC5,0.201
P27448,P0DTC4,1.103
P27448,P0DTC3,0.181
P27448,P0DTC1,3.861
P27448,P0DTC9,1.876
P27448,P0DTC8,0.902
O14656,P0DTC5,1.261
O14656,P0DTC7,0.455
O14656,P0DTC6,0.434
O14656,P0DTC4,2.695
O14656,P0DTC3,0.905
O14656,P0DTC2,2.719
O14656,P0DTC1,3.218
O14656,P0DTC8,1.584
O14656,P0DTC9,2.804
O14656,P0DTD2,0.474
P09132,P0DTC5,0.212
P09132,P0DTC2,0.26
P09132,P0DTC7,0.003
P09132,P0DTC4,0.222
P09132,P0DTC3,0.24
P09132,P0DTC1,2.081
P09132,P0DTC9,0.442
P09132,P0DTC8,0.01
O76061,P0DTC5,1.697
O76061,P0DTC2,2.935
O76061,P0DTC7,0.594
O76061,P0DTC6,0.596
O76061,P0DTC4,2.865
O76061,P0DTC3,1.483
O76061,P0DTC1,3.354
O76061,P0DTC9,1.946
O76061,P0DTC8,1.416
O76061,P0DTD2,0.274
Q9ULX6,P0DTC5,0.333
Q9ULX6,P0DTC7,0.115
Q9ULX6,P0DTC6,0.132
Q9ULX6,P0DTC4,1.887
Q9ULX6,P0DTC3,0.366
Q9ULX6,P0DTC2,1.738
Q9ULX6,P0DTC1,4.447
Q9ULX6,P0DTC8,1.587
Q9ULX6,P0DTC9,3.795
Q9ULX6,P0DTD2,0.142
Q9ULX6,P0DTD3,0.019
P51149,P0DTC7,0.306
P51148,P0DTC7,0.092
P09601,P0DTC7,1.419
O75506,P0DTC7,0.01
Q96MM7,P0DTC7,1.71
P78406,P0DTC7,0.492
Q8IZ52,P0DTC7,1.224
Q8IV08,P0DTC7,2.084
Q9UL15,P0DTC7,0.002
Q9P2E5,P0DTC7,1.461
Q9NQC3,P0DTC7,0.396
O96028,P0DTC7,0.592
Q8IWA5,P0DTC7,0.067
Q9H8W4,P0DTC7,0.154
P27105,P0DTC7,1.718
P11940,P0DTC7,0.61
Q9BQS8,P0DTC7,0.002
Q9BW92,P0DTC7,0.019
Q9HAV7,P0DTC7,0.152
O75347,P0DTC7,0.04
Q99720,P0DTC7,0.222
Q9NXH9,P0DTC7,0.002
Q4KMQ2,P0DTC7,0.956
P09884,P0DTC7,0.003
Q9UKA9,P0DTC7,0.08
P35658,P0DTC7,0.431
Q9H2H8,P0DTC7,0.054
Q5JRX3,P0DTC7,0.003
Q6PKG0,P0DTC7,0.002
Q9Y4L1,P0DTC7,1.139
Q9Y375,P0DTC7,0.169
Q4G0J3,P0DTC7,0.069
Q8IUD2,P0DTC7,0.245
Q5VUA4,P0DTC7,0.353
Q6UW63,P0DTC7,0.002
Q9UDR5,P0DTC7,0.135
Q15818,P0DTC7,0.021
Q8NEJ9,P0DTC7,0.2
Q8WUY8,P0DTC7,1.462
Q99959,P0DTC7,0.027
Q9Y5J6,P0DTC7,0.2
Q9Y5J7,P0DTC7,0.101
Q9NY61,P0DTC7,0.77
Q8N766,P0DTC7,0.102
Q12770,P0DTC7,0.802
Q9NXA8,P0DTC7,0.931
Q9Y5J9,P0DTC7,0.18
Q96B26,P0DTC7,0.003
P48556,P0DTC7,0.002
Q10713,P0DTC7,0.145
O76094,P0DTC7,0.003
Q9BSJ2,P0DTC7,0.022
Q9UJZ1,P0DTC7,0.28
Q6Y7W6,P0DTC7,1.994
Q13443,P0DTC7,2.022
O75592,P0DTC7,0.582
Q9BQE4,P0DTC7,0.063
P38606,P0DTC7,0.187
P58166,P0DTC7,0.006
Q9H488,P0DTC7,0.003
P62330,P0DTC7,0.557
O95391,P0DTC7,0.003
Q86VR2,P0DTC7,1.537
P28300,P0DTC7,0.738
Q5JTV8,P0DTC7,1.456
Q6NXT4,P0DTC7,1.628
P82663,P0DTC7,0.185
O43818,P0DTC7,0.003
Q00765,P0DTC7,1.465
Q7Z4H8,P0DTC7,0.019
P00387,P0DTC7,0.207
A7MCY6,P0DTC7,1.183
Q9UBU6,P0DTC7,1.68
Q9BS26,P0DTC7,0.021
Q92552,P0DTC7,0.084
Q7LGA3,P0DTC7,1.628
Q2PZI1,P0DTC7,1.628
Q5BJF2,P0DTC7,1.318
Q9BU02,P0DTC7,0.003
O43292,P0DTC7,0.03
Q9Y6M9,P0DTC7,0.186
Q8N6S5,P0DTC7,1.71
Q99988,P0DTC7,0.317
O95613,P0DTC7,0.306
P61026,P0DTC7,0.24
Q7KZI7,P0DTC7,0.757
Q96S52,P0DTC7,0.056
Q86VM9,P0DTC7,0.001
P52948,P0DTC7,0.074
Q04726,P0DTC7,0.736
Q96DA6,P0DTC7,0.152
Q9NVH1,P0DTC7,0.196
Q9NZJ7,P0DTC7,1.403
Q14789,P0DTC7,0.219
Q86YT6,P0DTC7,0.149
Q92769,P0DTC7,0.971
O43823,P0DTC7,1.412
Q6NXT6,P0DTC7,0.093
P21964,P0DTC7,1.491
Q96N16,P0DTC7,0.487
Q9NW13,P0DTC7,0.093
Q15904,P0DTC7,1.189
P29122,P0DTC7,0.023
Q7Z3B4,P0DTC7,0.495
P52306,P0DTC7,0.345
Q9Y680,P0DTC7,0.022
O95684,P0DTC7,0.091
P15151,P0DTC7,0.03
Q9C0B5,P0DTC7,1.41
Q96AY3,P0DTC7,0.334
O14745,P0DTC7,0.989
Q8NEW0,P0DTC7,1.225
Q7L2J0,P0DTC7,1.86
P13984,P0DTC7,0.002
Q8TAD8,P0DTC7,0.647
Q8N183,P0DTC7,0.91
Q96IZ5,P0DTC7,0.006
Q9Y312,P0DTC7,0.013
P07203,P0DTC7,0.986
P11310,P0DTC7,0.468
Q15370,P0DTC7,0.136
Q9H845,P0DTC7,0.096
Q9P0L2,P0DTC7,0.734
Q9UH99,P0DTC7,0.718
Q9H173,P0DTC7,0.024
P26358,P0DTC7,0.552
Q8TEM1,P0DTC7,1.179
O95573,P0DTC7,1.68
Q9H270,P0DTC7,0.245
Q9NXK8,P0DTC7,0.134
O14975,P0DTC7,0.08
O60885,P0DTC7,0.012
P31323,P0DTC7,0.748
Q7Z5G4,P0DTC7,0.094
Q9H773,P0DTC7,0.002
Q7Z7A1,P0DTC7,0.175
O14874,P0DTC7,0.074
Q4V328,P0DTC7,0.166
Q99567,P0DTC7,0.353
Q96S66,P0DTC7,0.338
P61011,P0DTC7,0.037
P17612,P0DTC7,0.821
Q96ER3,P0DTC7,0.002
O00469,P0DTC7,0.212
Q96HW7,P0DTC7,0.002
Q92615,P0DTC7,0.003
Q14157,P0DTC7,0.039
Q13310,P0DTC7,0.231
Q8IWR1,P0DTC7,3.703
Q12907,P0DTC7,0.258
Q8WVC6,P0DTC7,0.003
Q9BSC4,P0DTC7,0.002
Q96DZ1,P0DTC7,0.003
P63218,P0DTC7,0.038
Q5T1M5,P0DTC7,0.076
Q08431,P0DTC7,0.303
P12109,P0DTC7,0.944
P67870,P0DTC7,0.742
Q96I59,P0DTC7,0.022
Q9Y276,P0DTC7,0.186
O00116,P0DTC7,0.042
Q5VU43,P0DTC7,0.002
Q2M389,P0DTC7,0.041
Q8N4C6,P0DTC7,0.272
Q15056,P0DTC7,0.022
Q76N32,P0DTC7,0.003
P05026,P0DTC7,0.871
Q14181,P0DTC7,0.003
P35555,P0DTC7,0.829
P35556,P0DTC7,0.005
Q9BVK2,P0DTC7,1.536
Q2TAA5,P0DTC7,1.512
Q5VT66,P0DTC7,1.587
P62820,P0DTC7,0.213
Q92995,P0DTC7,0.102
Q66GS9,P0DTC7,0.003
O14578,P0DTC7,0.497
Q9BQT8,P0DTC7,1.71
Q9Y3A6,P0DTC7,1.163
Q99470,P0DTC7,0.002
P19784,P0DTC7,0.383
P50897,P0DTC7,0.572
Q08379,P0DTC7,0.13
Q08378,P0DTC7,0.273
Q9H3K2,P0DTC7,0.16
Q9H7Z7,P0DTC7,1.349
P55085,P0DTC7,1.207
Q9HD40,P0DTC7,0.076
Q8NBJ5,P0DTC7,0.003
Q9ULT8,P0DTC7,0.42
O00124,P0DTC7,0.054
O94973,P0DTC7,0.156
Q5T6F2,P0DTC7,0.001
Q6PML9,P0DTC7,1.463
P13861,P0DTC7,0.039
Q8NBX0,P0DTC7,0.002
P05556,P0DTC7,0.797
P61106,P0DTC7,2.147
Q13617,P0DTC7,0.021
Q86UT6,P0DTC7,2.175
Q13283,P0DTC7,1.518
Q9NU22,P0DTC7,0.002
Q5VT06,P0DTC7,0.153
Q9BV73,P0DTC7,0.022
Q99996,P0DTC7,1.333
Q13438,P0DTC7,0.19
P13804,P0DTC7,0.003
Q70EL1,P0DTC7,0.075
Q13546,P0DTC7,1.068
Q9BQQ3,P0DTC7,0.276
Q9BRN9,P0DTC7,0.159
P61586,P0DTC7,0.887
Q5EBL8,P0DTC7,0.138
P37198,P0DTC7,1.536
Q13868,P0DTC7,0.003
O75964,P0DTC7,0.199
Q04724,P0DTC7,0.736
Q8N0X7,P0DTC7,0.491
Q9H6F5,P0DTC7,0.002
P62072,P0DTC7,0.167
Q9NV92,P0DTC7,1.175
Q96CW5,P0DTC7,0.003
Q9Y2I6,P0DTC7,0.042
Q96CW1,P0DTC7,0.327
Q9GZU3,P0DTC7,1.465
Q9UHD2,P0DTC7,1.901
O43633,P0DTC7,0.217
P61916,P0DTC7,0.023
Q96SN8,P0DTC7,0.254
Q96CN9,P0DTC7,0.177
Q8IWF2,P0DTC7,0.003
Q9Y399,P0DTC7,0.126
Q96IV0,P0DTC7,0.836
P49454,P0DTC7,0.07
Q92820,P0DTC7,0.737
Q92900,P0DTC7,0.425
Q8TD19,P0DTC7,0.059
Q9UBX5,P0DTC7,0.21
Q969X5,P0DTC7,0.229
P61962,P0DTC7,0.135
Q99519,P0DTC7,0.15
Q3KQU3,P0DTC7,0.022
Q9NYU1,P0DTC7,0.021
Q8TEQ8,P0DTC7,1.512
Q9UJC3,P0DTC7,0.071
Q96D53,P0DTC7,1.288
Q6UUV7,P0DTC7,0.866
Q96HR9,P0DTC7,1.165
Q96A26,P0DTC7,1.283
P61006,P0DTC7,0.54
Q9BVL2,P0DTC7,0.476
P82675,P0DTC7,0.126
Q9H2P9,P0DTC7,0.003
P51149,P0DTC6,0.037
P51148,P0DTC6,0.032
P09601,P0DTC6,1.133
P62330,P0DTC6,0.389
O75506,P0DTC6,0.011
Q96MM7,P0DTC6,0.016
P78406,P0DTC6,0.507
Q8IZ52,P0DTC6,0.03
Q8IV08,P0DTC6,0.695
Q9P2E5,P0DTC6,0.034
Q9NQC3,P0DTC6,0.252
O96028,P0DTC6,0.611
Q2PZI1,P0DTC6,0.016
Q9H8W4,P0DTC6,0.033
P11940,P0DTC6,0.681
Q9BW92,P0DTC6,0.014
Q9HAV7,P0DTC6,0.063
O75347,P0DTC6,0.032
Q99720,P0DTC6,0.032
Q4KMQ2,P0DTC6,0.866
Q14157,P0DTC6,0.032
Q9UKA9,P0DTC6,0.1
P61916,P0DTC6,0.014
Q9H2H8,P0DTC6,0.063
Q9Y4L1,P0DTC6,1.176
Q9Y375,P0DTC6,0.014
Q4G0J3,P0DTC6,0.083
Q96CN9,P0DTC6,0.032
Q9UDR5,P0DTC6,0.18
Q15818,P0DTC6,0.014
Q8NEJ9,P0DTC6,0.218
Q8WUY8,P0DTC6,0.016
Q9NY61,P0DTC6,0.668
Q12770,P0DTC6,0.579
Q9NXA8,P0DTC6,1.02
Q9Y5J9,P0DTC6,0.032
P55085,P0DTC6,1.123
O14578,P0DTC6,0.478
Q10713,P0DTC6,0.014
Q9BSJ2,P0DTC6,0.014
Q6Y7W6,P0DTC6,0.333
Q13443,P0DTC6,0.616
O75592,P0DTC6,0.593
Q5VUA4,P0DTC6,0.099
P38606,P0DTC6,0.032
Q86VR2,P0DTC6,0.116
P28300,P0DTC6,0.693
Q5JTV8,P0DTC6,0.21
Q6NXT4,P0DTC6,0.016
Q6NXT6,P0DTC6,0.008
Q8IUD2,P0DTC6,0.032
Q00765,P0DTC6,0.016
Q7Z4H8,P0DTC6,0.014
P00387,P0DTC6,0.016
A7MCY6,P0DTC6,1.183
Q9UBU6,P0DTC6,0.016
Q8N4C6,P0DTC6,0.295
Q7LGA3,P0DTC6,0.016
Q5BJF2,P0DTC6,0.03
Q9NXK8,P0DTC6,0.18
Q04724,P0DTC6,0.789
Q8N6S5,P0DTC6,0.016
O95613,P0DTC6,0.292
P61026,P0DTC6,0.034
Q7KZI7,P0DTC6,0.789
Q6UUV7,P0DTC6,0.898
Q04726,P0DTC6,0.789
Q9NZJ7,P0DTC6,0.172
Q14789,P0DTC6,0.168
Q86YT6,P0DTC6,0.166
Q92769,P0DTC6,0.977
O43823,P0DTC6,1.137
P21964,P0DTC6,0.55
Q96N16,P0DTC6,0.025
Q9NW13,P0DTC6,0.107
Q15904,P0DTC6,0.028
Q7Z3B4,P0DTC6,0.391
P52306,P0DTC6,0.358
Q9Y680,P0DTC6,0.014
O95684,P0DTC6,0.116
P52948,P0DTC6,0.08
Q9C0B5,P0DTC6,0.212
Q5VT06,P0DTC6,0.178
P61011,P0DTC6,0.029
Q3KQU3,P0DTC6,0.014
O14745,P0DTC6,0.91
Q7L2J0,P0DTC6,1.393
Q8TAD8,P0DTC6,0.635
Q8N183,P0DTC6,0.761
Q9Y312,P0DTC6,0.007
P07203,P0DTC6,1.009
P11310,P0DTC6,0.457
Q15370,P0DTC6,0.18
P49454,P0DTC6,0.072
Q9BQT8,P0DTC6,0.016
Q9P0L2,P0DTC6,0.789
P82663,P0DTC6,0.014
Q9UH99,P0DTC6,0.182
Q9H173,P0DTC6,0.014
P26358,P0DTC6,0.569
Q8TEM1,P0DTC6,0.051
O95573,P0DTC6,0.361
Q9H270,P0DTC6,0.09
O60885,P0DTC6,0.014
Q96I59,P0DTC6,0.014
Q9HD40,P0DTC6,0.1
O14874,P0DTC6,0.086
Q4V328,P0DTC6,0.038
Q99567,P0DTC6,0.099
Q96S66,P0DTC6,0.028
P17612,P0DTC6,0.805
O00469,P0DTC6,0.032
P27105,P0DTC6,1.434
Q13310,P0DTC6,0.244
Q8IWR1,P0DTC6,2.339
Q12907,P0DTC6,0.032
Q5T1M5,P0DTC6,0.08
Q08431,P0DTC6,0.105
P12109,P0DTC6,0.656
Q9UBX5,P0DTC6,0.198
Q2M389,P0DTC6,0.032
Q15056,P0DTC6,0.014
P05026,P0DTC6,0.424
P35555,P0DTC6,0.856
Q9BVK2,P0DTC6,0.016
Q2TAA5,P0DTC6,0.016
P62820,P0DTC6,0.121
Q92995,P0DTC6,0.13
P35658,P0DTC6,0.228
Q9Y3A6,P0DTC6,0.029
Q99988,P0DTC6,0.359
P19784,P0DTC6,0.407
Q7Z7A1,P0DTC6,0.178
P50897,P0DTC6,0.517
P29122,P0DTC6,0.014
Q08379,P0DTC6,0.032
Q08378,P0DTC6,0.036
Q9H3K2,P0DTC6,0.142
Q9H7Z7,P0DTC6,0.262
Q9ULT8,P0DTC6,0.437
O94973,P0DTC6,0.051
Q6PML9,P0DTC6,0.016
P05556,P0DTC6,0.423
P61106,P0DTC6,1.985
Q8NEW0,P0DTC6,0.179
Q86UT6,P0DTC6,2.041
Q92900,P0DTC6,0.504
Q9BV73,P0DTC6,0.014
Q99996,P0DTC6,1.685
Q13438,P0DTC6,0.1
P31323,P0DTC6,0.671
Q70EL1,P0DTC6,0.1
Q13546,P0DTC6,0.859
Q9BQQ3,P0DTC6,0.12
Q13283,P0DTC6,1.529
P61586,P0DTC6,0.735
Q5EBL8,P0DTC6,0.031
P37198,P0DTC6,1.391
Q8N0X7,P0DTC6,0.42
Q5VT66,P0DTC6,0.016
Q13617,P0DTC6,0.016
Q9NV92,P0DTC6,0.05
Q9Y2I6,P0DTC6,0.032
Q96CW1,P0DTC6,0.261
Q9GZU3,P0DTC6,0.016
Q9UHD2,P0DTC6,1.939
O43633,P0DTC6,0.036
Q96AY3,P0DTC6,0.358
Q96SN8,P0DTC6,0.266
Q96IV0,P0DTC6,0.872
Q92820,P0DTC6,0.73
Q8TD19,P0DTC6,0.065
P67870,P0DTC6,0.779
Q969X5,P0DTC6,0.032
P61962,P0DTC6,0.18
Q99519,P0DTC6,0.037
Q9NYU1,P0DTC6,0.015
Q8TEQ8,P0DTC6,0.016
Q9UJC3,P0DTC6,0.071
Q96D53,P0DTC6,0.119
Q96HR9,P0DTC6,0.032
Q96A26,P0DTC6,0.017
P61006,P0DTC6,0.389
Q9BVL2,P0DTC6,0.375
P51149,P0DTC5,1.2
P51148,P0DTC5,0.808
P09601,P0DTC5,0.919
P62330,P0DTC5,0.716
Q9BQT8,P0DTC5,2.433
Q96MM7,P0DTC5,2.407
Q8IZ52,P0DTC5,1.691
O43818,P0DTC5,0.339
Q8IV08,P0DTC5,2.959
Q9UL15,P0DTC5,0.109
Q9H270,P0DTC5,0.728
Q9P2E5,P0DTC5,2.007
Q9NQC3,P0DTC5,0.449
Q8IWA5,P0DTC5,0.606
Q9H8W4,P0DTC5,0.337
P27105,P0DTC5,1.576
P11940,P0DTC5,0.19
Q9BW92,P0DTC5,0.014
O75347,P0DTC5,0.193
Q99720,P0DTC5,0.353
P13861,P0DTC5,0.175
Q4KMQ2,P0DTC5,1.92
P09884,P0DTC5,0.329
P61916,P0DTC5,0.508
Q9H2H8,P0DTC5,0.064
Q5JRX3,P0DTC5,0.318
Q6PKG0,P0DTC5,0.158
Q9Y4L1,P0DTC5,1.428
Q9Y375,P0DTC5,0.493
Q4G0J3,P0DTC5,0.219
Q8IUD2,P0DTC5,0.432
Q6UW63,P0DTC5,1.502
P78406,P0DTC5,0.541
Q9UDR5,P0DTC5,0.233
P62072,P0DTC5,0.604
Q15818,P0DTC5,0.023
Q8NEJ9,P0DTC5,0.279
Q8WUY8,P0DTC5,1.818
Q99959,P0DTC5,0.143
Q9Y5J6,P0DTC5,0.673
Q9Y5J7,P0DTC5,0.601
Q9NY61,P0DTC5,0.369
O75964,P0DTC5,0.521
Q12770,P0DTC5,0.841
Q9NXA8,P0DTC5,0.971
Q96B26,P0DTC5,0.284
P48556,P0DTC5,0.162
Q9NXH9,P0DTC5,0.263
Q10713,P0DTC5,0.447
Q9BSJ2,P0DTC5,0.259
Q9UJZ1,P0DTC5,0.598
O95260,P0DTC5,0.053
Q6Y7W6,P0DTC5,2.077
Q13443,P0DTC5,2.188
O75592,P0DTC5,0.875
Q9BQE4,P0DTC5,0.327
P38606,P0DTC5,0.638
P58166,P0DTC5,0.012
Q6NXT4,P0DTC5,2.324
Q9H488,P0DTC5,0.095
O95391,P0DTC5,0.205
Q86VR2,P0DTC5,1.818
Q8NBX0,P0DTC5,0.174
Q5JTV8,P0DTC5,1.797
P82663,P0DTC5,0.531
Q99988,P0DTC5,0.186
Q00765,P0DTC5,2.084
Q7Z4H8,P0DTC5,0.017
P00387,P0DTC5,0.555
Q9BRN9,P0DTC5,0.227
Q9UBU6,P0DTC5,2.18
Q9BS26,P0DTC5,1.276
Q92552,P0DTC5,0.474
Q8N4C6,P0DTC5,0.248
Q7LGA3,P0DTC5,2.29
Q2PZI1,P0DTC5,2.264
Q5BJF2,P0DTC5,1.857
Q7Z7A1,P0DTC5,0.154
O43292,P0DTC5,0.313
Q9Y6M9,P0DTC5,0.525
Q8N6S5,P0DTC5,2.374
Q9NVH1,P0DTC5,0.552
P61026,P0DTC5,0.828
Q7KZI7,P0DTC5,0.569
Q96S52,P0DTC5,0.395
Q86VM9,P0DTC5,0.23
Q92820,P0DTC5,0.818
Q04726,P0DTC5,0.609
Q96DA6,P0DTC5,0.439
Q9NZJ7,P0DTC5,1.607
Q14789,P0DTC5,0.328
Q86YT6,P0DTC5,0.169
Q92769,P0DTC5,0.559
O43823,P0DTC5,0.983
P21964,P0DTC5,1.452
Q96N16,P0DTC5,0.343
Q8N766,P0DTC5,0.406
Q9NW13,P0DTC5,0.18
Q15904,P0DTC5,1.664
Q7Z3B4,P0DTC5,0.326
P52306,P0DTC5,0.267
Q9Y680,P0DTC5,0.131
P28300,P0DTC5,0.272
O95684,P0DTC5,0.138
P15151,P0DTC5,0.055
O43633,P0DTC5,0.55
Q9C0B5,P0DTC5,1.927
P52948,P0DTC5,0.362
Q3KQU3,P0DTC5,0.133
Q08431,P0DTC5,1.393
O14745,P0DTC5,0.645
Q8NEW0,P0DTC5,1.369
Q7L2J0,P0DTC5,0.089
P13984,P0DTC5,0.236
Q8TAD8,P0DTC5,0.767
Q8N183,P0DTC5,0.713
Q96IZ5,P0DTC5,0.134
Q9Y312,P0DTC5,0.141
P07203,P0DTC5,0.952
P11310,P0DTC5,0.515
Q15370,P0DTC5,0.291
Q9H845,P0DTC5,0.414
Q9P0L2,P0DTC5,0.439
O76094,P0DTC5,0.183
Q9UH99,P0DTC5,0.658
Q9H173,P0DTC5,0.111
Q9BQS8,P0DTC5,0.333
Q8TEM1,P0DTC5,1.462
O95573,P0DTC5,1.984
A7MCY6,P0DTC5,0.773
Q9NXK8,P0DTC5,0.084
O14975,P0DTC5,1.38
O60885,P0DTC5,0.362
P31323,P0DTC5,0.459
Q96I59,P0DTC5,0.288
Q9HD40,P0DTC5,0.102
O14874,P0DTC5,0.392
Q4V328,P0DTC5,0.638
Q99567,P0DTC5,6.494
Q96S66,P0DTC5,0.501
P61011,P0DTC5,0.152
P17612,P0DTC5,0.518
Q96ER3,P0DTC5,0.263
O00469,P0DTC5,0.684
Q96HW7,P0DTC5,0.242
Q92615,P0DTC5,0.209
Q14157,P0DTC5,0.094
Q13310,P0DTC5,0.143
Q8IWR1,P0DTC5,3.839
Q12907,P0DTC5,0.654
Q8WVC6,P0DTC5,0.004
Q9BSC4,P0DTC5,0.139
O96028,P0DTC5,0.43
O94973,P0DTC5,1.939
P63218,P0DTC5,0.196
Q5T1M5,P0DTC5,0.036
Q7Z5G4,P0DTC5,0.641
P12109,P0DTC5,1.68
Q9UBX5,P0DTC5,0.166
Q6PML9,P0DTC5,2.123
P05026,P0DTC5,0.857
Q9Y276,P0DTC5,0.525
Q5VU43,P0DTC5,0.178
Q76N32,P0DTC5,0.249
Q96DZ1,P0DTC5,2.005
Q14181,P0DTC5,0.291
P35555,P0DTC5,1.581
P35556,P0DTC5,0.013
Q9BVK2,P0DTC5,2.358
Q2TAA5,P0DTC5,2.251
Q5VT66,P0DTC5,2.181
P62820,P0DTC5,0.562
Q92995,P0DTC5,0.253
Q15056,P0DTC5,0.111
Q66GS9,P0DTC5,0.149
Q2M389,P0DTC5,0.311
P35658,P0DTC5,0.286
O14578,P0DTC5,0.481
Q9Y3A6,P0DTC5,1.667
Q99470,P0DTC5,0.094
P19784,P0DTC5,0.348
Q9BU02,P0DTC5,0.127
P50897,P0DTC5,0.413
P29122,P0DTC5,0.709
Q08379,P0DTC5,0.529
Q08378,P0DTC5,0.673
Q9H3K2,P0DTC5,0.367
Q9H7Z7,P0DTC5,1.803
P55085,P0DTC5,0.851
Q8NBJ5,P0DTC5,1.941
Q9Y5J9,P0DTC5,0.453
O00124,P0DTC5,0.387
Q9HAV7,P0DTC5,0.472
Q5T6F2,P0DTC5,0.157
P61106,P0DTC5,2.88
Q13617,P0DTC5,0.206
Q86UT6,P0DTC5,1.338
P05556,P0DTC5,0.573
Q5VUA4,P0DTC5,0.304
Q9NU22,P0DTC5,0.189
Q9H773,P0DTC5,0.111
Q9BV73,P0DTC5,0.214
Q99996,P0DTC5,0.516
Q13438,P0DTC5,1.747
P13804,P0DTC5,0.318
O00116,P0DTC5,0.421
Q13546,P0DTC5,0.891
Q9BQQ3,P0DTC5,0.559
Q13283,P0DTC5,0.808
P26358,P0DTC5,0.445
P61586,P0DTC5,0.637
Q5EBL8,P0DTC5,0.206
P37198,P0DTC5,0.998
Q13868,P0DTC5,0.223
Q04724,P0DTC5,0.607
Q5VT06,P0DTC5,0.123
Q8N0X7,P0DTC5,0.322
Q9H6F5,P0DTC5,0.241
Q6NXT6,P0DTC5,0.341
Q9NV92,P0DTC5,1.484
Q96CW5,P0DTC5,0.142
Q9Y2I6,P0DTC5,0.156
Q96CW1,P0DTC5,1.64
O95613,P0DTC5,0.266
Q9GZU3,P0DTC5,1.822
Q9UHD2,P0DTC5,1.864
O75506,P0DTC5,0.253
Q96AY3,P0DTC5,0.258
Q96SN8,P0DTC5,0.213
Q96CN9,P0DTC5,0.414
Q8IWF2,P0DTC5,2.425
Q9Y399,P0DTC5,0.567
Q96IV0,P0DTC5,0.683
P49454,P0DTC5,0.256
Q6UUV7,P0DTC5,0.464
Q92900,P0DTC5,0.244
Q8TD19,P0DTC5,0.127
P67870,P0DTC5,0.715
Q969X5,P0DTC5,0.672
P61962,P0DTC5,0.321
Q99519,P0DTC5,0.456
Q9NYU1,P0DTC5,1.661
Q8TEQ8,P0DTC5,2.251
Q9UJC3,P0DTC5,0.154
Q96D53,P0DTC5,1.61
Q96HR9,P0DTC5,1.421
Q96A26,P0DTC5,1.662
P61006,P0DTC5,0.764
Q9BVL2,P0DTC5,0.341
P82675,P0DTC5,0.567
Q9H2P9,P0DTC5,0.127
P51149,P0DTC4,1.266
P51148,P0DTC4,0.824
Q9UKA9,P0DTC4,0.01
Q9HD40,P0DTC4,0.112
Q96MM7,P0DTC4,3.013
Q8IZ52,P0DTC4,1.874
O43818,P0DTC4,0.349
Q8IV08,P0DTC4,3.065
Q9UL15,P0DTC4,1.621
Q9H270,P0DTC4,1.881
Q9P2E5,P0DTC4,2.39
Q9NQC3,P0DTC4,1.867
Q8IWA5,P0DTC4,0.606
Q9H8W4,P0DTC4,0.388
O95613,P0DTC4,0.168
O43292,P0DTC4,2.116
P11940,P0DTC4,0.752
Q9BQS8,P0DTC4,0.333
Q9BW92,P0DTC4,0.921
Q08431,P0DTC4,1.454
O75347,P0DTC4,1.618
Q99720,P0DTC4,2.301
Q14157,P0DTC4,0.113
O43823,P0DTC4,2.209
Q9H2H8,P0DTC4,0.064
Q5JRX3,P0DTC4,0.322
Q6PKG0,P0DTC4,0.842
Q66GS9,P0DTC4,2.075
Q9Y375,P0DTC4,2.424
Q4G0J3,P0DTC4,0.229
Q5VUA4,P0DTC4,2.107
Q6UW63,P0DTC4,1.502
P78406,P0DTC4,1.663
Q9UDR5,P0DTC4,0.875
P62072,P0DTC4,1.737
Q15818,P0DTC4,0.028
Q8NEJ9,P0DTC4,0.294
Q8WUY8,P0DTC4,2.424
Q99959,P0DTC4,1.29
O76094,P0DTC4,0.911
Q9Y5J6,P0DTC4,1.957
Q9Y5J7,P0DTC4,1.734
Q9NY61,P0DTC4,1.364
O95260,P0DTC4,0.053
O95573,P0DTC4,3.181
Q12770,P0DTC4,1.958
Q9NXA8,P0DTC4,0.365
P48556,P0DTC4,0.162
O14874,P0DTC4,0.395
P13861,P0DTC4,1.392
Q10713,P0DTC4,0.452
Q9UJZ1,P0DTC4,2.014
Q13443,P0DTC4,3.102
Q9BRN9,P0DTC4,0.227
Q9BQE4,P0DTC4,1.544
P38606,P0DTC4,0.666
P58166,P0DTC4,0.835
Q9H488,P0DTC4,0.095
Q6Y7W6,P0DTC4,3.993
O95391,P0DTC4,0.213
Q86VR2,P0DTC4,2.424
Q9BSJ2,P0DTC4,1.91
Q5JTV8,P0DTC4,3.595
Q6NXT4,P0DTC4,2.93
Q6NXT6,P0DTC4,0.341
Q8IUD2,P0DTC4,1.948
Q96S66,P0DTC4,0.563
Q7Z4H8,P0DTC4,0.022
P00387,P0DTC4,0.625
O75592,P0DTC4,0.889
Q9UBU6,P0DTC4,2.786
Q9BS26,P0DTC4,1.276
Q92552,P0DTC4,0.484
Q7LGA3,P0DTC4,2.896
Q5BJF2,P0DTC4,2.241
Q9BU02,P0DTC4,0.132
Q9NXK8,P0DTC4,0.084
Q9Y6M9,P0DTC4,0.525
Q8N6S5,P0DTC4,2.98
Q9NVH1,P0DTC4,0.552
P61026,P0DTC4,1.857
Q9BV19,P0DTC4,1.926
Q96S52,P0DTC4,0.395
Q86VM9,P0DTC4,0.238
Q6UUV7,P0DTC4,1.878
Q04726,P0DTC4,1.423
Q9Y399,P0DTC4,0.567
Q9BVL2,P0DTC4,0.411
Q9NZJ7,P0DTC4,1.991
Q14789,P0DTC4,0.338
P05026,P0DTC4,1.721
Q86YT6,P0DTC4,0.173
Q92769,P0DTC4,1.24
P61916,P0DTC4,1.287
Q8N766,P0DTC4,0.406
Q9NW13,P0DTC4,0.193
Q8NBX0,P0DTC4,0.174
Q7Z3B4,P0DTC4,0.389
P52306,P0DTC4,0.267
Q9Y680,P0DTC4,0.143
P07203,P0DTC4,2.082
P28300,P0DTC4,0.03
P15151,P0DTC4,1.339
O43633,P0DTC4,1.903
Q9C0B5,P0DTC4,2.294
Q7KZI7,P0DTC4,0.786
O95684,P0DTC4,1.451
Q96AY3,P0DTC4,0.15
O14745,P0DTC4,1.827
Q8NEW0,P0DTC4,1.612
Q7L2J0,P0DTC4,0.094
P13984,P0DTC4,0.236
Q8TAD8,P0DTC4,0.26
Q8N183,P0DTC4,0.527
Q96IZ5,P0DTC4,0.144
P62330,P0DTC4,1.351
P13804,P0DTC4,0.323
Q9HAV7,P0DTC4,1.917
Q13617,P0DTC4,1.307
Q9P0L2,P0DTC4,0.457
Q96SN8,P0DTC4,1.728
Q9UH99,P0DTC4,1.943
Q8IWR1,P0DTC4,4.21
Q8TEM1,P0DTC4,1.729
Q15904,P0DTC4,3.507
Q8IWR0,P0DTC4,0.01
O14975,P0DTC4,1.861
O60885,P0DTC4,1.269
Q9H773,P0DTC4,0.883
Q8WVC6,P0DTC4,0.004
Q4V328,P0DTC4,2.593
Q5VT06,P0DTC4,0.125
Q99567,P0DTC4,0.294
P21964,P0DTC4,1.547
Q00765,P0DTC4,2.69
P61011,P0DTC4,0.167
P17612,P0DTC4,1.212
Q96ER3,P0DTC4,0.263
Q9NXH9,P0DTC4,0.27
O00469,P0DTC4,0.75
Q96HW7,P0DTC4,0.242
Q8NBJ5,P0DTC4,1.941
Q96B26,P0DTC4,1.571
P09884,P0DTC4,0.636
Q13310,P0DTC4,0.153
P26358,P0DTC4,0.303
Q12907,P0DTC4,1.688
Q7Z4Q2,P0DTC4,1.926
Q9BSC4,P0DTC4,0.149
P27105,P0DTC4,3.976
Q92820,P0DTC4,0.492
O96028,P0DTC4,0.26
O94973,P0DTC4,2.987
P63218,P0DTC4,1.61
Q5T1M5,P0DTC4,0.042
Q96DA6,P0DTC4,0.439
P12109,P0DTC4,2.447
Q9UBX5,P0DTC4,1.9
A7MCY6,P0DTC4,0.559
Q96I59,P0DTC4,0.293
Q9Y276,P0DTC4,0.525
Q5VU43,P0DTC4,1.462
Q8N4C6,P0DTC4,0.251
Q15056,P0DTC4,0.573
Q76N32,P0DTC4,2.081
Q96DZ1,P0DTC4,3.931
Q14181,P0DTC4,0.291
P35555,P0DTC4,1.645
P35556,P0DTC4,0.013
Q9BVK2,P0DTC4,2.964
Q2TAA5,P0DTC4,2.857
O14578,P0DTC4,1.366
Q5VT66,P0DTC4,2.792
P62820,P0DTC4,1.77
Q92995,P0DTC4,1.165
Q9Y4L1,P0DTC4,2.966
P49454,P0DTC4,1.506
Q2M389,P0DTC4,0.32
P35658,P0DTC4,0.291
Q9Y3A6,P0DTC4,1.935
Q99470,P0DTC4,2.02
P19784,P0DTC4,1.526
Q7Z7A1,P0DTC4,0.159
P50897,P0DTC4,0.425
P29122,P0DTC4,1.374
Q08379,P0DTC4,2.349
Q08378,P0DTC4,2.542
Q9H3K2,P0DTC4,0.367
Q9H845,P0DTC4,0.418
Q9H7Z7,P0DTC4,2.052
Q9H173,P0DTC4,1.561
Q96N16,P0DTC4,1.554
Q9Y312,P0DTC4,0.144
Q92615,P0DTC4,0.219
Q9Y5J9,P0DTC4,0.526
O00124,P0DTC4,0.387
P11310,P0DTC4,1.326
Q5T6F2,P0DTC4,1.363
Q6PML9,P0DTC4,2.729
Q99988,P0DTC4,1.66
Q15370,P0DTC4,1.937
P55085,P0DTC4,1.958
P61106,P0DTC4,3.126
Q9BQT8,P0DTC4,3.039
Q86UT6,P0DTC4,1.124
P05556,P0DTC4,1.877
Q13283,P0DTC4,0.547
Q92900,P0DTC4,0.26
Q96CN9,P0DTC4,2.126
Q9BV73,P0DTC4,2.075
Q99996,P0DTC4,1.658
Q13438,P0DTC4,1.747
P31323,P0DTC4,1.369
O00116,P0DTC4,0.428
Q13546,P0DTC4,1.599
Q9BQQ3,P0DTC4,0.559
Q4KMQ2,P0DTC4,0.642
Q8NCA5,P0DTC4,0.007
P61586,P0DTC4,1.591
Q5EBL8,P0DTC4,2.137
P37198,P0DTC4,1.546
Q13868,P0DTC4,0.231
O75964,P0DTC4,0.521
Q04724,P0DTC4,1.735
Q8N0X7,P0DTC4,1.974
Q9H6F5,P0DTC4,0.251
P82663,P0DTC4,0.536
Q9NV92,P0DTC4,3.555
Q96CW5,P0DTC4,0.965
Q9Y2I6,P0DTC4,0.165
Q96CW1,P0DTC4,2.927
Q2PZI1,P0DTC4,2.87
Q9GZU3,P0DTC4,2.428
Q9UHD2,P0DTC4,2.664
O75506,P0DTC4,1.537
Q9NU22,P0DTC4,1.473
Q7Z5G4,P0DTC4,0.641
Q8IWF2,P0DTC4,2.435
Q8TD10,P0DTC4,1.926
Q96HR9,P0DTC4,1.689
P52948,P0DTC4,0.367
Q8TD19,P0DTC4,1.773
P67870,P0DTC4,1.631
Q969X5,P0DTC4,0.738
P61962,P0DTC4,0.321
Q99519,P0DTC4,0.496
Q3KQU3,P0DTC4,0.138
Q9NYU1,P0DTC4,2.949
Q8TEQ8,P0DTC4,2.857
Q9UJC3,P0DTC4,2.005
Q96D53,P0DTC4,1.858
Q96IV0,P0DTC4,0.102
P09601,P0DTC4,1.847
Q96A26,P0DTC4,2.044
P61006,P0DTC4,1.607
P82675,P0DTC4,0.574
Q9H2P9,P0DTC4,0.127
P51149,P0DTC3,0.744
P51148,P0DTC3,0.435
P09601,P0DTC3,0.685
P62330,P0DTC3,0.385
Q9BQT8,P0DTC3,1.756
Q96MM7,P0DTC3,2.008
P78406,P0DTC3,0.394
Q8IZ52,P0DTC3,1.656
O43818,P0DTC3,0.403
Q8IV08,P0DTC3,1.855
Q9UL15,P0DTC3,0.182
Q9P2E5,P0DTC3,1.743
Q9NQC3,P0DTC3,0.437
Q8IWA5,P0DTC3,0.408
Q9H8W4,P0DTC3,0.26
P27105,P0DTC3,1.482
P11940,P0DTC3,0.213
Q9BQS8,P0DTC3,0.275
Q9BW92,P0DTC3,0.019
Q9HAV7,P0DTC3,0.539
O75347,P0DTC3,0.228
Q99720,P0DTC3,0.355
P13861,P0DTC3,0.215
Q4KMQ2,P0DTC3,0.385
P09884,P0DTC3,0.404
P61916,P0DTC3,0.489
Q9H2H8,P0DTC3,0.086
Q5JRX3,P0DTC3,0.435
Q6PKG0,P0DTC3,0.204
Q9Y4L1,P0DTC3,1.08
Q9Y375,P0DTC3,0.51
Q4G0J3,P0DTC3,0.317
Q8IUD2,P0DTC3,0.44
Q6UW63,P0DTC3,1.587
Q9UDR5,P0DTC3,0.295
Q15818,P0DTC3,0.028
Q8NEJ9,P0DTC3,0.395
Q8WUY8,P0DTC3,1.222
Q99959,P0DTC3,0.181
Q9Y5J6,P0DTC3,0.633
Q9Y5J7,P0DTC3,0.596
Q9NY61,P0DTC3,0.324
Q8N766,P0DTC3,0.37
Q12770,P0DTC3,0.682
Q9NXA8,P0DTC3,0.395
Q96B26,P0DTC3,0.326
P48556,P0DTC3,0.224
P28300,P0DTC3,0.036
Q9NXH9,P0DTC3,0.36
Q10713,P0DTC3,0.447
O76094,P0DTC3,0.211
Q9UJZ1,P0DTC3,0.557
O95260,P0DTC3,0.03
Q6Y7W6,P0DTC3,1.386
Q13443,P0DTC3,1.451
Q9BRN9,P0DTC3,0.227
Q9BQE4,P0DTC3,0.315
P38606,P0DTC3,1.244
P58166,P0DTC3,0.014
Q6NXT4,P0DTC3,1.888
Q9H488,P0DTC3,0.11
O95391,P0DTC3,0.243
Q86VR2,P0DTC3,1.222
Q8NBX0,P0DTC3,0.177
Q5JTV8,P0DTC3,1.392
P82663,P0DTC3,0.529
Q99988,P0DTC3,0.158
Q00765,P0DTC3,1.5
Q7Z4H8,P0DTC3,0.022
P00387,P0DTC3,0.578
A7MCY6,P0DTC3,0.53
Q9UBU6,P0DTC3,1.659
Q9BS26,P0DTC3,1.25
Q92552,P0DTC3,0.462
Q7LGA3,P0DTC3,1.852
Q2PZI1,P0DTC3,1.575
Q5BJF2,P0DTC3,1.471
Q7Z7A1,P0DTC3,0.223
O43292,P0DTC3,0.327
Q9Y6M9,P0DTC3,0.52
Q8N6S5,P0DTC3,1.661
O95613,P0DTC3,0.269
P61026,P0DTC3,0.545
Q7KZI7,P0DTC3,0.254
P62072,P0DTC3,0.606
Q96S52,P0DTC3,0.337
Q86VM9,P0DTC3,0.246
Q92820,P0DTC3,0.486
Q04726,P0DTC3,0.302
Q96DA6,P0DTC3,0.45
Q9NVH1,P0DTC3,0.689
Q9NZJ7,P0DTC3,1.303
Q14789,P0DTC3,0.481
Q86YT6,P0DTC3,0.215
Q92769,P0DTC3,0.333
O43823,P0DTC3,0.778
P21964,P0DTC3,1.084
Q96N16,P0DTC3,0.379
Q9NW13,P0DTC3,0.185
Q15904,P0DTC3,1.347
P29122,P0DTC3,0.713
Q7Z3B4,P0DTC3,0.294
P52306,P0DTC3,0.294
Q9Y680,P0DTC3,0.156
O95684,P0DTC3,0.192
P15151,P0DTC3,0.051
O43633,P0DTC3,0.425
Q9C0B5,P0DTC3,1.213
P52948,P0DTC3,0.381
Q96AY3,P0DTC3,0.166
O14745,P0DTC3,1.001
Q8NEW0,P0DTC3,1.562
Q7L2J0,P0DTC3,0.154
P13984,P0DTC3,0.284
Q8TAD8,P0DTC3,0.362
Q8N183,P0DTC3,0.51
Q96IZ5,P0DTC3,0.18
Q9Y312,P0DTC3,0.242
P07203,P0DTC3,0.95
P11310,P0DTC3,0.542
Q15370,P0DTC3,0.344
Q9H845,P0DTC3,0.526
Q9P0L2,P0DTC3,0.045
Q9UH99,P0DTC3,0.64
Q9H173,P0DTC3,0.133
P26358,P0DTC3,0.402
Q8TEM1,P0DTC3,1.153
O95573,P0DTC3,1.519
Q9H270,P0DTC3,0.532
Q9NXK8,P0DTC3,0.122
O14975,P0DTC3,1.272
O60885,P0DTC3,0.402
P31323,P0DTC3,0.283
Q9H773,P0DTC3,0.213
Q9HD40,P0DTC3,0.131
O14874,P0DTC3,0.445
Q4V328,P0DTC3,0.486
Q99567,P0DTC3,0.393
Q96S66,P0DTC3,0.433
P61011,P0DTC3,0.179
P17612,P0DTC3,0.371
Q96ER3,P0DTC3,0.36
O00469,P0DTC3,0.561
Q9BSC4,P0DTC3,0.14
Q96HW7,P0DTC3,0.311
Q92615,P0DTC3,0.273
Q14157,P0DTC3,0.091
Q13310,P0DTC3,0.192
Q8IWR1,P0DTC3,3.43
Q12907,P0DTC3,0.641
Q8WVC6,P0DTC3,0.004
Q9BSJ2,P0DTC3,0.379
Q5VT66,P0DTC3,1.758
Q96DZ1,P0DTC3,2.153
O96028,P0DTC3,0.372
P63218,P0DTC3,0.168
Q5T1M5,P0DTC3,0.043
Q08431,P0DTC3,1.273
P12109,P0DTC3,1.259
Q9UBX5,P0DTC3,0.141
Q6PML9,P0DTC3,1.572
Q96I59,P0DTC3,0.441
Q9Y276,P0DTC3,0.515
Q5VU43,P0DTC3,0.224
Q8N4C6,P0DTC3,0.37
Q15056,P0DTC3,0.154
Q76N32,P0DTC3,0.371
P05026,P0DTC3,0.937
Q14181,P0DTC3,0.414
P35555,P0DTC3,0.979
P35556,P0DTC3,0.015
Q9BVK2,P0DTC3,1.676
Q2TAA5,P0DTC3,1.586
P62820,P0DTC3,0.584
Q92995,P0DTC3,0.353
Q66GS9,P0DTC3,0.203
O75592,P0DTC3,0.302
Q2M389,P0DTC3,0.376
P35658,P0DTC3,0.382
O14578,P0DTC3,0.113
Q9Y3A6,P0DTC3,1.4
Q99470,P0DTC3,0.109
P19784,P0DTC3,0.337
Q9BU02,P0DTC3,0.183
P50897,P0DTC3,0.364
Q08379,P0DTC3,1.982
Q08378,P0DTC3,0.774
Q9H3K2,P0DTC3,0.401
Q9H7Z7,P0DTC3,1.657
P55085,P0DTC3,0.515
Q8NBJ5,P0DTC3,1.935
Q9Y5J9,P0DTC3,0.419
O00124,P0DTC3,0.41
O94973,P0DTC3,0.476
Q5T6F2,P0DTC3,0.203
P61106,P0DTC3,2.044
Q13617,P0DTC3,0.285
Q86UT6,P0DTC3,1.088
P05556,P0DTC3,0.43
Q5VUA4,P0DTC3,0.424
Q9NU22,P0DTC3,0.251
Q5VT06,P0DTC3,0.163
Q96CN9,P0DTC3,0.403
Q9BV73,P0DTC3,0.275
Q99996,P0DTC3,0.424
Q13438,P0DTC3,1.71
P13804,P0DTC3,0.435
O00116,P0DTC3,0.53
Q13546,P0DTC3,0.432
Q9BQQ3,P0DTC3,3.338
Q13283,P0DTC3,0.531
P61586,P0DTC3,0.358
Q5EBL8,P0DTC3,0.239
P37198,P0DTC3,0.576
Q13868,P0DTC3,0.271
O75964,P0DTC3,1.724
Q04724,P0DTC3,0.304
Q8N0X7,P0DTC3,0.432
Q9H6F5,P0DTC3,0.312
Q6NXT6,P0DTC3,0.413
Q9NV92,P0DTC3,1.226
Q96CW5,P0DTC3,0.217
Q9Y2I6,P0DTC3,0.208
Q96CW1,P0DTC3,0.473
Q9GZU3,P0DTC3,1.226
Q9UHD2,P0DTC3,1.508
O75506,P0DTC3,0.353
Q96SN8,P0DTC3,0.282
Q7Z5G4,P0DTC3,0.658
Q8IWF2,P0DTC3,2.417
Q9Y399,P0DTC3,0.561
Q96IV0,P0DTC3,0.131
P49454,P0DTC3,0.319
Q6UUV7,P0DTC3,0.31
Q92900,P0DTC3,0.33
Q8TD19,P0DTC3,0.183
P67870,P0DTC3,0.412
Q969X5,P0DTC3,0.617
P61962,P0DTC3,0.37
Q99519,P0DTC3,0.4
Q3KQU3,P0DTC3,0.186
Q9NYU1,P0DTC3,1.677
Q8TEQ8,P0DTC3,1.586
Q9UJC3,P0DTC3,0.179
Q96D53,P0DTC3,1.383
Q96HR9,P0DTC3,1.114
Q96A26,P0DTC3,1.355
P61006,P0DTC3,0.524
Q9BVL2,P0DTC3,0.309
P82675,P0DTC3,0.561
Q9H2P9,P0DTC3,0.183
Q9NV92,P0DTC2,3.219
Q13617,P0DTC2,1.046
Q9Y399,P0DTC2,0.965
Q5VUA4,P0DTC2,1.572
Q9BV73,P0DTC2,1.715
Q13868,P0DTC2,0.261
Q6NXT4,P0DTC2,1.955
Q6NXT6,P0DTC2,0.438
Q96CW5,P0DTC2,0.825
Q96CW1,P0DTC2,3.768
Q96SN8,P0DTC2,1.694
Q8IWF2,P0DTC2,2.027
P67870,P0DTC2,2.117
Q2M389,P0DTC2,0.427
Q99519,P0DTC2,0.504
Q9NYU1,P0DTC2,2.41
Q9HD40,P0DTC2,0.239
Q8TEQ8,P0DTC2,1.842
P09884,P0DTC2,0.8
Q66GS9,P0DTC2,1.439
Q4G0J3,P0DTC2,0.562
Q96CN9,P0DTC2,1.515
Q15818,P0DTC2,0.023
Q8NEJ9,P0DTC2,0.786
Q8WUY8,P0DTC2,1.458
Q99959,P0DTC2,1.323
Q9NXA8,P0DTC2,1.386
P48556,P0DTC2,0.161
O75592,P0DTC2,1.573
Q9H488,P0DTC2,0.097
Q86VR2,P0DTC2,2.003
P13984,P0DTC2,0.224
Q8IUD2,P0DTC2,1.783
Q7Z4H8,P0DTC2,0.017
Q8N4C6,P0DTC2,0.725
O43292,P0DTC2,1.805
Q8N6S5,P0DTC2,1.928
P52948,P0DTC2,1.069
Q04726,P0DTC2,1.543
Q96S52,P0DTC2,0.358
Q14789,P0DTC2,0.75
P61916,P0DTC2,1.784
Q9UHD2,P0DTC2,3.338
P52306,P0DTC2,1.331
Q9Y680,P0DTC2,0.153
O95684,P0DTC2,1.678
P15151,P0DTC2,1.784
Q9C0B5,P0DTC2,1.772
Q8TAD8,P0DTC2,0.704
P07203,P0DTC2,2.54
Q15370,P0DTC2,1.516
P49454,P0DTC2,1.685
Q96DZ1,P0DTC2,3.035
Q9P0L2,P0DTC2,1.2
P26358,P0DTC2,0.997
Q8TEM1,P0DTC2,1.755
P61006,P0DTC2,2.235
Q9H773,P0DTC2,1.429
P21964,P0DTC2,1.788
Q00765,P0DTC2,1.772
Q96HW7,P0DTC2,0.228
Q4V328,P0DTC2,1.879
Q8WVC6,P0DTC2,0.003
P63218,P0DTC2,1.332
O00116,P0DTC2,0.844
Q14181,P0DTC2,0.27
P35555,P0DTC2,2.367
P35556,P0DTC2,0.012
P62072,P0DTC2,2.042
P35658,P0DTC2,0.65
Q9BSJ2,P0DTC2,1.384
Q99988,P0DTC2,1.698
Q3KQU3,P0DTC2,0.137
Q08378,P0DTC2,2.405
Q9H3K2,P0DTC2,0.899
Q9H7Z7,P0DTC2,2.427
Q9H173,P0DTC2,1.312
O94973,P0DTC2,3.225
Q5T6F2,P0DTC2,1.07
P05026,P0DTC2,1.896
P05556,P0DTC2,2.484
P55085,P0DTC2,2.487
Q8NEW0,P0DTC2,1.442
Q70EL1,P0DTC2,0.067
Q9BQQ3,P0DTC2,0.733
Q8NCA5,P0DTC2,0.023
P37198,P0DTC2,2.772
Q9GZU3,P0DTC2,1.461
O75506,P0DTC2,1.211
Q8TD10,P0DTC2,1.287
Q8TD19,P0DTC2,1.322
Q969X5,P0DTC2,0.881
O14578,P0DTC2,1.513
Q9Y3A6,P0DTC2,1.819
Q9UJC3,P0DTC2,2.22
Q96IV0,P0DTC2,0.621
Q9BVL2,P0DTC2,1.064
P82675,P0DTC2,0.988
P09601,P0DTC2,2.593
Q96MM7,P0DTC2,2.019
P78406,P0DTC2,1.757
Q8IZ52,P0DTC2,1.531
Q9NQC3,P0DTC2,1.849
Q8IWA5,P0DTC2,0.856
Q9H8W4,P0DTC2,0.904
Q08431,P0DTC2,3.828
Q96DA6,P0DTC2,0.704
Q9Y276,P0DTC2,0.929
Q5JRX3,P0DTC2,1.015
Q9Y375,P0DTC2,2.14
Q5VT66,P0DTC2,2.413
Q12770,P0DTC2,1.998
P13861,P0DTC2,1.23
Q10713,P0DTC2,0.865
O76094,P0DTC2,1.033
Q9UJZ1,P0DTC2,1.968
O95260,P0DTC2,0.052
Q9BRN9,P0DTC2,0.183
P38606,P0DTC2,0.605
P58166,P0DTC2,0.574
O95391,P0DTC2,0.461
P28300,P0DTC2,1.203
Q5JTV8,P0DTC2,2.914
O43818,P0DTC2,0.399
P00387,P0DTC2,0.815
Q9BS26,P0DTC2,1.465
Q92552,P0DTC2,1.087
Q5BJF2,P0DTC2,1.702
Q9BU02,P0DTC2,0.386
P50897,P0DTC2,1.129
Q7KZI7,P0DTC2,1.535
Q9NZJ7,P0DTC2,2.012
Q8N766,P0DTC2,0.381
Q9NW13,P0DTC2,0.286
Q08379,P0DTC2,2.275
Q9NXK8,P0DTC2,0.205
Q96IZ5,P0DTC2,0.242
P11310,P0DTC2,1.804
Q9BQT8,P0DTC2,2.008
Q9UH99,P0DTC2,2.204
O95573,P0DTC2,2.662
O14975,P0DTC2,1.744
O14874,P0DTC2,1.266
Q99567,P0DTC2,0.351
Q96S66,P0DTC2,0.58
P61011,P0DTC2,0.435
P17612,P0DTC2,1.78
Q96ER3,P0DTC2,0.24
O00469,P0DTC2,0.604
Q13310,P0DTC2,0.426
Q5VU43,P0DTC2,1.142
P62820,P0DTC2,3.145
Q9Y4L1,P0DTC2,3.077
Q96B26,P0DTC2,1.311
P19784,P0DTC2,1.759
P29122,P0DTC2,1.457
Q9H845,P0DTC2,0.865
Q92615,P0DTC2,0.289
O00124,P0DTC2,0.364
Q6UUV7,P0DTC2,2.322
P61106,P0DTC2,3.176
Q99996,P0DTC2,2.119
Q86UT6,P0DTC2,2.526
Q13546,P0DTC2,2.268
Q13283,P0DTC2,1.914
P61586,P0DTC2,2.231
O75964,P0DTC2,0.875
Q8N0X7,P0DTC2,1.848
Q9H6F5,P0DTC2,0.256
Q96N16,P0DTC2,1.348
O43633,P0DTC2,2.942
Q96AY3,P0DTC2,0.662
Q7Z5G4,P0DTC2,0.633
Q5T1M5,P0DTC2,0.727
Q9UBX5,P0DTC2,1.739
P61962,P0DTC2,0.419
Q96D53,P0DTC2,2.292
P51149,P0DTC2,2.238
P51148,P0DTC2,0.85
Q9UKA9,P0DTC2,0.141
Q8IV08,P0DTC2,2.777
Q9UL15,P0DTC2,1.731
Q9P2E5,P0DTC2,1.756
O96028,P0DTC2,0.725
Q2PZI1,P0DTC2,1.851
P11940,P0DTC2,1.358
Q9BW92,P0DTC2,0.744
O75347,P0DTC2,1.34
Q99720,P0DTC2,1.712
Q9NXH9,P0DTC2,0.263
Q14157,P0DTC2,0.132
Q9H2H8,P0DTC2,0.135
Q6PKG0,P0DTC2,1.094
Q9Y5J9,P0DTC2,0.725
Q6UW63,P0DTC2,1.332
Q9UDR5,P0DTC2,1.21
Q9Y5J6,P0DTC2,1.61
Q9Y5J7,P0DTC2,2.077
Q9NY61,P0DTC2,1.72
Q6Y7W6,P0DTC2,2.982
Q13443,P0DTC2,2.93
A7MCY6,P0DTC2,0.95
Q9BQE4,P0DTC2,1.456
P62330,P0DTC2,1.902
Q9UBU6,P0DTC2,1.798
Q7LGA3,P0DTC2,1.927
Q9Y6M9,P0DTC2,0.928
O95613,P0DTC2,0.319
P61026,P0DTC2,1.695
Q86VM9,P0DTC2,0.524
Q92820,P0DTC2,1.24
Q86YT6,P0DTC2,0.375
Q92769,P0DTC2,2.161
O43823,P0DTC2,2.649
Q7Z3B4,P0DTC2,0.912
Q8N183,P0DTC2,1.944
Q5VT06,P0DTC2,0.822
O14745,P0DTC2,2.538
Q7L2J0,P0DTC2,1.028
P13804,P0DTC2,0.861
Q9HAV7,P0DTC2,2.093
P12109,P0DTC2,2.751
P82663,P0DTC2,1.005
Q15904,P0DTC2,2.606
Q9H270,P0DTC2,2.216
O60885,P0DTC2,1.781
Q96I59,P0DTC2,0.729
Q9NVH1,P0DTC2,0.832
Q9BV19,P0DTC2,1.287
Q9BQS8,P0DTC2,0.552
Q8IWR0,P0DTC2,0.087
Q12907,P0DTC2,2.175
Q7Z4Q2,P0DTC2,1.287
Q9BSC4,P0DTC2,0.167
P27105,P0DTC2,3.88
Q4KMQ2,P0DTC2,1.32
Q76N32,P0DTC2,1.636
Q9BVK2,P0DTC2,1.917
Q2TAA5,P0DTC2,1.842
Q92995,P0DTC2,1.36
Q15056,P0DTC2,1.706
Q8NBX0,P0DTC2,0.439
Q99470,P0DTC2,1.383
Q7Z7A1,P0DTC2,0.375
Q8NBJ5,P0DTC2,1.639
Q9ULT8,P0DTC2,0.356
Q6PML9,P0DTC2,1.738
P31323,P0DTC2,1.621
Q9NU22,P0DTC2,1.15
Q13438,P0DTC2,2.035
Q5EBL8,P0DTC2,1.491
Q9Y312,P0DTC2,0.135
Q9Y2I6,P0DTC2,0.164
Q04724,P0DTC2,1.902
Q92900,P0DTC2,0.762
Q8IWR1,P0DTC2,4.097
Q96HR9,P0DTC2,1.24
Q96A26,P0DTC2,1.946
Q9H2P9,P0DTC2,0.129
Q9BVL2,P0DTC1,0.507
Q96DA6,P0DTC1,0.536
Q9NV92,P0DTC1,3.392
Q15370,P0DTC1,2.896
Q9Y399,P0DTC1,0.686
Q9BV73,P0DTC1,1.803
Q13868,P0DTC1,3.057
Q6NXT4,P0DTC1,1.469
Q6NXT6,P0DTC1,0.388
Q96CW5,P0DTC1,0.938
Q96CW1,P0DTC1,2.226
Q96SN8,P0DTC1,2.431
Q8IWF2,P0DTC1,1.474
P67870,P0DTC1,3.633
Q2M389,P0DTC1,0.129
Q99519,P0DTC1,2.056
Q9NYU1,P0DTC1,2.105
Q9HD40,P0DTC1,3.818
Q8TEQ8,P0DTC1,1.879
P09884,P0DTC1,2.915
Q66GS9,P0DTC1,1.615
Q4G0J3,P0DTC1,4.049
Q96CN9,P0DTC1,1.417
Q15818,P0DTC1,1.47
Q8NEJ9,P0DTC1,2.03
Q8WUY8,P0DTC1,2.841
Q99959,P0DTC1,1.355
Q9NXA8,P0DTC1,3.696
P48556,P0DTC1,1.111
O75592,P0DTC1,2.358
Q9H488,P0DTC1,1.548
Q86VR2,P0DTC1,2.157
P13984,P0DTC1,2.076
Q8IUD2,P0DTC1,2.369
Q7Z4H8,P0DTC1,0.987
Q8N4C6,P0DTC1,1.74
O43292,P0DTC1,1.925
Q8N6S5,P0DTC1,1.253
Q9NU22,P0DTC1,2.55
Q6UUV7,P0DTC1,2.898
Q04726,P0DTC1,1.96
Q14789,P0DTC1,2.797
P61916,P0DTC1,2.763
Q9UHD2,P0DTC1,5.795
P52306,P0DTC1,1.192
Q9Y680,P0DTC1,2.67
O95684,P0DTC1,3.365
P15151,P0DTC1,2.321
Q9C0B5,P0DTC1,3.237
Q8TAD8,P0DTC1,3.557
P07203,P0DTC1,3.613
P49454,P0DTC1,2.873
Q96DZ1,P0DTC1,2.027
Q9P0L2,P0DTC1,2.584
Q8IWR1,P0DTC1,6.515
Q8TEM1,P0DTC1,1.055
P61006,P0DTC1,2.876
Q9H773,P0DTC1,2.66
P21964,P0DTC1,3.848
Q00765,P0DTC1,1.495
Q96HW7,P0DTC1,0.738
Q4V328,P0DTC1,1.521
Q8WVC6,P0DTC1,1.547
P63218,P0DTC1,1.386
P12109,P0DTC1,1.034
O00116,P0DTC1,1.111
Q14181,P0DTC1,1.614
P35555,P0DTC1,1.702
P35556,P0DTC1,1.901
P62072,P0DTC1,1.796
P35658,P0DTC1,1.172
Q9BSJ2,P0DTC1,1.205
Q99988,P0DTC1,3.599
Q08379,P0DTC1,2.24
Q08378,P0DTC1,1.327
Q9H3K2,P0DTC1,1.47
Q9H7Z7,P0DTC1,4.138
Q9H173,P0DTC1,1.216
O94973,P0DTC1,1.323
Q5T6F2,P0DTC1,1.798
P05026,P0DTC1,2.289
P05556,P0DTC1,3.408
P55085,P0DTC1,3.049
Q8NEW0,P0DTC1,1.083
Q70EL1,P0DTC1,3.667
Q9BQQ3,P0DTC1,1.99
Q8NCA5,P0DTC1,1.461
P26358,P0DTC1,4.613
P37198,P0DTC1,2.565
Q9GZU3,P0DTC1,1.222
O75506,P0DTC1,2.295
Q8TD10,P0DTC1,0.809
Q8TD19,P0DTC1,3.01
Q969X5,P0DTC1,0.318
O14578,P0DTC1,4.078
Q9Y3A6,P0DTC1,1.231
Q9UJC3,P0DTC1,2.255
Q96IV0,P0DTC1,3.153
P82675,P0DTC1,1.133
P09601,P0DTC1,6.399
Q96MM7,P0DTC1,2.407
P78406,P0DTC1,2.085
Q8IZ52,P0DTC1,2.347
Q9NQC3,P0DTC1,3.41
Q8IWA5,P0DTC1,0.666
Q9H8W4,P0DTC1,1.154
Q08431,P0DTC1,0.661
Q9Y276,P0DTC1,0.973
Q5JRX3,P0DTC1,4.222
Q9Y375,P0DTC1,1.635
Q5VT66,P0DTC1,2.821
Q12770,P0DTC1,2.524
P13861,P0DTC1,3.067
Q10713,P0DTC1,1.57
O76094,P0DTC1,2.365
Q9UJZ1,P0DTC1,2.061
O95260,P0DTC1,0.86
Q9BRN9,P0DTC1,0.444
P38606,P0DTC1,2.005
P58166,P0DTC1,1.565
O95391,P0DTC1,2.274
P28300,P0DTC1,1.21
Q5JTV8,P0DTC1,3.016
O43818,P0DTC1,2.429
P00387,P0DTC1,2.336
Q9BS26,P0DTC1,0.942
Q92552,P0DTC1,2.344
Q5BJF2,P0DTC1,1.487
Q7Z7A1,P0DTC1,0.589
P50897,P0DTC1,1.443
Q7KZI7,P0DTC1,3.204
Q9NZJ7,P0DTC1,2.832
Q8N766,P0DTC1,0.177
Q9NW13,P0DTC1,1.401
Q3KQU3,P0DTC1,0.625
Q9NXK8,P0DTC1,2.186
Q96IZ5,P0DTC1,2.214
P11310,P0DTC1,2.52
Q9BQT8,P0DTC1,1.817
Q9UH99,P0DTC1,1.455
O95573,P0DTC1,3.847
O14975,P0DTC1,2.555
O14874,P0DTC1,1.883
Q99567,P0DTC1,0.935
Q96S66,P0DTC1,0.335
P61011,P0DTC1,2.29
P17612,P0DTC1,4.965
Q96ER3,P0DTC1,0.146
O00469,P0DTC1,3.152
Q13310,P0DTC1,3.162
Q5VU43,P0DTC1,1.157
P62820,P0DTC1,4.101
Q9Y4L1,P0DTC1,3.045
Q96B26,P0DTC1,2.866
Q9C0D3,P0DTC1,1.176
P19784,P0DTC1,4.38
P29122,P0DTC1,4.72
Q9H845,P0DTC1,1.563
Q92615,P0DTC1,2.707
O00124,P0DTC1,0.996
P61106,P0DTC1,3.362
Q99996,P0DTC1,3.112
P31323,P0DTC1,3.263
Q13546,P0DTC1,4.722
Q13283,P0DTC1,6.309
P61586,P0DTC1,3.339
O75964,P0DTC1,0.765
Q8N0X7,P0DTC1,1.789
Q9H6F5,P0DTC1,0.824
Q96N16,P0DTC1,1.782
O43633,P0DTC1,3.059
Q92900,P0DTC1,5.268
Q7Z5G4,P0DTC1,0.845
Q5T1M5,P0DTC1,0.598
Q9UBX5,P0DTC1,3.725
P61962,P0DTC1,0.913
Q96D53,P0DTC1,2.873
P51149,P0DTC1,3.363
P51148,P0DTC1,1.516
Q9UKA9,P0DTC1,2.794
Q8IV08,P0DTC1,2.042
Q9UL15,P0DTC1,3.03
Q9P2E5,P0DTC1,1.623
O96028,P0DTC1,3.168
Q2PZI1,P0DTC1,2.151
P11940,P0DTC1,4.56
Q9BW92,P0DTC1,3.396
O75347,P0DTC1,2.291
Q99720,P0DTC1,2.059
Q9NXH9,P0DTC1,3.664
Q14157,P0DTC1,1.028
Q9H2H8,P0DTC1,1.359
Q6PKG0,P0DTC1,3.609
Q9Y5J9,P0DTC1,0.386
Q6UW63,P0DTC1,1.384
Q9UDR5,P0DTC1,3.404
Q9Y5J6,P0DTC1,1.88
Q9Y5J7,P0DTC1,1.792
Q9NY61,P0DTC1,3.389
Q6Y7W6,P0DTC1,4.113
Q13443,P0DTC1,6.849
A7MCY6,P0DTC1,1.852
Q5VUA4,P0DTC1,5.22
Q96S52,P0DTC1,0.654
Q9UBU6,P0DTC1,2.294
Q9BQE4,P0DTC1,2.677
Q9Y6M9,P0DTC1,0.713
O95613,P0DTC1,0.624
P61026,P0DTC1,2.109
Q86VM9,P0DTC1,1.923
Q92820,P0DTC1,4.879
Q86YT6,P0DTC1,3.852
Q92769,P0DTC1,4.591
O43823,P0DTC1,5.293
Q7Z3B4,P0DTC1,0.611
Q8N183,P0DTC1,0.399
P52948,P0DTC1,3.628
Q5VT06,P0DTC1,0.409
O14745,P0DTC1,3.109
Q7L2J0,P0DTC1,3.309
P62330,P0DTC1,2.499
P13804,P0DTC1,0.982
Q9HAV7,P0DTC1,1.402
Q13617,P0DTC1,2.457
P82663,P0DTC1,0.12
Q15904,P0DTC1,3.413
Q9H270,P0DTC1,3.812
O60885,P0DTC1,2.915
Q96I59,P0DTC1,2.333
Q9NVH1,P0DTC1,0.218
Q9BV19,P0DTC1,0.809
Q9BQS8,P0DTC1,1.655
Q8IWR0,P0DTC1,3.242
Q12907,P0DTC1,1.928
Q7Z4Q2,P0DTC1,0.89
Q9BSC4,P0DTC1,1.499
P27105,P0DTC1,2.975
Q7LGA3,P0DTC1,2.4
Q4KMQ2,P0DTC1,2.831
Q76N32,P0DTC1,1.431
Q9BVK2,P0DTC1,2.281
Q2TAA5,P0DTC1,2.152
Q92995,P0DTC1,8.849
Q15056,P0DTC1,2.714
Q8NBX0,P0DTC1,0.303
Q99470,P0DTC1,0.949
Q9BU02,P0DTC1,1.22
Q8NBJ5,P0DTC1,0.483
Q9ULT8,P0DTC1,2.575
Q6PML9,P0DTC1,2.416
Q86UT6,P0DTC1,2.887
Q96AY3,P0DTC1,2.984
Q13438,P0DTC1,1.613
Q5EBL8,P0DTC1,1.36
Q9Y312,P0DTC1,0.679
Q9Y2I6,P0DTC1,1.767
Q04724,P0DTC1,2.964
Q96HR9,P0DTC1,1.572
Q96A26,P0DTC1,2.82
Q9H2P9,P0DTC1,1.136
Q13617,P0DTC8,1.117
Q13617,P0DTC9,1.793
Q13617,P0DTD2,0.02
Q13617,P0DTD3,0.016
Q9Y399,P0DTC9,0.311
P51149,P0DTC8,0.054
P51148,P0DTC8,0.049
Q9UKA9,P0DTC8,0.01
P62330,P0DTC8,0.762
Q9BQT8,P0DTC8,0.019
Q96MM7,P0DTC8,0.019
Q8IZ52,P0DTC8,0.031
O43818,P0DTC8,0.01
Q8IV08,P0DTC8,0.039
Q9UL15,P0DTC8,1.512
Q9P2E5,P0DTC8,0.039
Q9NQC3,P0DTC8,1.441
Q2PZI1,P0DTC8,0.019
Q9H8W4,P0DTC8,0.049
P27105,P0DTC8,1.92
P11940,P0DTC8,0.576
Q9BW92,P0DTC8,0.921
O75347,P0DTC8,1.458
Q99720,P0DTC8,1.959
P09884,P0DTC8,0.307
P61916,P0DTC8,0.793
Q5JRX3,P0DTC8,0.004
Q6PKG0,P0DTC8,0.684
Q9Y4L1,P0DTC8,1.926
Q9Y375,P0DTC8,1.945
Q4G0J3,P0DTC8,0.01
Q8IUD2,P0DTC8,1.492
Q96CN9,P0DTC8,1.688
P78406,P0DTC8,1.316
Q9UDR5,P0DTC8,0.642
P62072,P0DTC8,1.133
Q15818,P0DTC8,0.019
Q8NEJ9,P0DTC8,0.052
Q8WUY8,P0DTC8,0.019
Q99959,P0DTC8,1.147
Q9Y5J6,P0DTC8,1.284
Q9Y5J7,P0DTC8,1.133
Q9NY61,P0DTC8,1.12
Q12770,P0DTC8,1.319
Q9NXA8,P0DTC8,0.004
P13861,P0DTC8,1.217
Q10713,P0DTC8,0.019
Q9UJZ1,P0DTC8,1.416
Q6Y7W6,P0DTC8,1.435
Q13443,P0DTC8,0.891
O75592,P0DTC8,0.686
Q9BQE4,P0DTC8,1.217
P38606,P0DTC8,0.036
P58166,P0DTC8,0.823
Q9H6F5,P0DTC8,0.01
O95391,P0DTC8,0.008
Q86VR2,P0DTC8,0.019
P28300,P0DTC8,0.018
Q5JTV8,P0DTC8,1.449
Q6NXT4,P0DTC8,0.019
Q99988,P0DTC8,1.474
Q00765,P0DTC8,0.019
Q7Z4H8,P0DTC8,0.019
P00387,P0DTC8,0.026
Q9UBU6,P0DTC8,0.019
Q92552,P0DTC8,0.01
Q8N4C6,P0DTC8,0.03
Q7LGA3,P0DTC8,0.019
Q5BJF2,P0DTC8,0.035
Q7Z7A1,P0DTC8,0.033
O43292,P0DTC8,1.803
Q04724,P0DTC8,1.516
Q8N6S5,P0DTC8,0.019
O95613,P0DTC8,0.042
P61026,P0DTC8,1.029
Q7KZI7,P0DTC8,0.605
Q86VM9,P0DTC8,0.008
Q92820,P0DTC8,0.035
Q04726,P0DTC8,1.202
Q9NZJ7,P0DTC8,0.035
Q14789,P0DTC8,0.01
Q86YT6,P0DTC8,0.021
Q92769,P0DTC8,0.893
O43823,P0DTC8,1.388
P21964,P0DTC8,0.033
Q96N16,P0DTC8,1.234
Q9NW13,P0DTC8,0.02
Q15904,P0DTC8,1.675
Q7Z3B4,P0DTC8,0.019
Q9Y680,P0DTC8,0.026
O95684,P0DTC8,1.313
P15151,P0DTC8,1.284
O43633,P0DTC8,1.335
Q9C0B5,P0DTC8,0.035
P52948,P0DTC8,0.005
Q3KQU3,P0DTC8,0.019
Q08431,P0DTC8,0.044
O14745,P0DTC8,1.489
Q8NEW0,P0DTC8,0.014
Q7L2J0,P0DTC8,0.005
Q8TAD8,P0DTC8,0.01
Q8N183,P0DTC8,0.01
Q96IZ5,P0DTC8,0.01
Q9Y312,P0DTC8,0.01
P07203,P0DTC8,0.721
P11310,P0DTC8,0.963
Q15370,P0DTC8,1.646
Q9H845,P0DTC8,0.004
Q9P0L2,P0DTC8,0.406
O76094,P0DTC8,0.728
Q9UH99,P0DTC8,1.283
Q9H173,P0DTC8,1.464
P26358,P0DTC8,0.045
Q8TEM1,P0DTC8,0.019
O95573,P0DTC8,0.955
Q9H270,P0DTC8,1.176
O14975,P0DTC8,0.481
O60885,P0DTC8,0.907
P31323,P0DTC8,1.091
Q96I59,P0DTC8,0.019
Q9HD40,P0DTC8,0.01
O14874,P0DTC8,0.003
Q4V328,P0DTC8,1.971
Q5VT06,P0DTC8,0.008
Q96S66,P0DTC8,0.029
P61011,P0DTC8,0.044
P17612,P0DTC8,0.903
Q9BV19,P0DTC8,1.926
Q9NXH9,P0DTC8,0.007
O00469,P0DTC8,0.042
Q14157,P0DTC8,0.052
Q13310,P0DTC8,0.01
Q8IWR1,P0DTC8,0.019
Q8IWR0,P0DTC8,0.01
Q12907,P0DTC8,1.01
Q7Z4Q2,P0DTC8,1.926
Q9BSC4,P0DTC8,0.01
O96028,P0DTC8,0.013
O94973,P0DTC8,1.048
P63218,P0DTC8,1.414
Q5T1M5,P0DTC8,0.035
P12109,P0DTC8,0.923
Q9UBX5,P0DTC8,1.734
Q6PML9,P0DTC8,0.019
P05026,P0DTC8,0.949
Q5VU43,P0DTC8,1.284
Q76N32,P0DTC8,1.832
Q96DZ1,P0DTC8,1.926
P35555,P0DTC8,0.665
Q9BVK2,P0DTC8,0.019
Q2TAA5,P0DTC8,0.019
P62820,P0DTC8,1.238
Q92995,P0DTC8,0.912
Q15056,P0DTC8,0.476
Q66GS9,P0DTC8,1.926
Q96B26,P0DTC8,1.287
P35658,P0DTC8,0.005
O14578,P0DTC8,1.278
Q9Y3A6,P0DTC8,0.031
Q99470,P0DTC8,1.926
P19784,P0DTC8,1.31
Q9BU02,P0DTC8,0.005
P50897,P0DTC8,0.047
P29122,P0DTC8,0.679
Q08379,P0DTC8,1.853
Q08378,P0DTC8,1.851
Q9BSJ2,P0DTC8,1.665
Q9H7Z7,P0DTC8,0.02
P55085,P0DTC8,1.284
Q92615,P0DTC8,0.01
Q9Y5J9,P0DTC8,0.049
Q9HAV7,P0DTC8,1.445
Q5T6F2,P0DTC8,1.206
P05556,P0DTC8,1.44
P61106,P0DTC8,0.708
Q5VUA4,P0DTC8,1.803
Q9NU22,P0DTC8,1.284
Q9H773,P0DTC8,0.772
Q9BV73,P0DTC8,1.875
Q99996,P0DTC8,1.31
P13804,P0DTC8,0.005
O00116,P0DTC8,0.007
Q13546,P0DTC8,1.1
Q13283,P0DTC8,0.024
Q8NCA5,P0DTC8,0.007
P61586,P0DTC8,1.084
Q5EBL8,P0DTC8,1.96
P37198,P0DTC8,0.795
Q13868,P0DTC8,0.008
Q8N0X7,P0DTC8,1.681
Q5VT66,P0DTC8,0.024
P82663,P0DTC8,0.019
Q9NV92,P0DTC8,1.843
Q96CW5,P0DTC8,0.823
Q9Y2I6,P0DTC8,0.042
Q96CW1,P0DTC8,1.316
Q9GZU3,P0DTC8,0.019
Q9UHD2,P0DTC8,1.099
O75506,P0DTC8,1.284
Q96AY3,P0DTC8,0.033
Q96SN8,P0DTC8,1.515
Q8IWF2,P0DTC8,0.01
Q8TD10,P0DTC8,1.926
P49454,P0DTC8,1.277
Q6UUV7,P0DTC8,1.646
Q92900,P0DTC8,0.049
Q8TD19,P0DTC8,1.646
P67870,P0DTC8,1.22
Q969X5,P0DTC8,0.042
Q2M389,P0DTC8,0.042
Q99519,P0DTC8,0.033
Q9NYU1,P0DTC8,1.303
Q8TEQ8,P0DTC8,0.019
Q9UJC3,P0DTC8,1.88
Q96D53,P0DTC8,0.019
Q96HR9,P0DTC8,0.034
P09601,P0DTC8,1.123
Q96A26,P0DTC8,0.019
P61006,P0DTC8,0.867
Q9BVL2,P0DTC8,0.026
P82675,P0DTC8,0.007
Q9BV73,P0DTC9,2.247
Q9BV73,P0DTD2,0.019
Q9BV73,P0DTD3,0.019
P51149,P0DTC9,0.615
P51148,P0DTC9,1.124
P09601,P0DTC9,1.865
O75506,P0DTC9,1.776
P61006,P0DTC9,1.595
P78406,P0DTC9,1.508
Q8IZ52,P0DTC9,0.731
Q8IV08,P0DTC9,0.508
O95260,P0DTC9,0.019
Q9P2E5,P0DTC9,0.383
Q9NQC3,P0DTC9,1.693
Q8IWA5,P0DTC9,0.315
Q9H8W4,P0DTC9,0.37
P27105,P0DTC9,2.462
P11940,P0DTC9,0.885
Q9BQS8,P0DTC9,0.537
Q9BW92,P0DTC9,2.079
P21964,P0DTC9,0.48
O75347,P0DTC9,2.088
Q99720,P0DTC9,2.279
Q96MM7,P0DTC9,0.437
Q9NXH9,P0DTC9,1.707
Q4KMQ2,P0DTC9,0.709
P09884,P0DTC9,1.027
Q9UKA9,P0DTC9,0.01
P61916,P0DTC9,0.997
Q9H2H8,P0DTC9,0.041
Q5JRX3,P0DTC9,0.143
Q6PKG0,P0DTC9,0.852
Q9Y4L1,P0DTC9,3.324
Q9Y375,P0DTC9,2.521
Q4G0J3,P0DTC9,0.451
Q8IUD2,P0DTC9,1.718
Q5VUA4,P0DTC9,3.665
Q6UW63,P0DTC9,0.455
Q9UDR5,P0DTC9,0.999
Q9BQT8,P0DTC9,0.288
Q15818,P0DTC9,0.313
Q8NEJ9,P0DTC9,0.206
Q8WUY8,P0DTC9,3.001
Q99959,P0DTC9,1.277
Q9Y5J6,P0DTC9,1.916
Q9Y5J7,P0DTC9,1.457
Q9NY61,P0DTC9,1.545
Q8N766,P0DTC9,0.247
Q12770,P0DTC9,1.969
Q9NXA8,P0DTC9,0.426
Q9Y5J9,P0DTC9,0.123
P55085,P0DTC9,1.475
Q96B26,P0DTC9,1.672
P48556,P0DTC9,0.349
P13861,P0DTC9,2.409
Q10713,P0DTC9,0.566
O76094,P0DTC9,1.165
Q9BSJ2,P0DTC9,2.087
Q9UJZ1,P0DTC9,1.684
Q9UL15,P0DTC9,1.958
Q6Y7W6,P0DTC9,1.722
Q13443,P0DTC9,1.346
A7MCY6,P0DTC9,0.315
Q9BQE4,P0DTC9,1.48
P38606,P0DTC9,1.311
P58166,P0DTC9,0.986
Q9H488,P0DTC9,0.06
P62330,P0DTC9,1.173
O95391,P0DTC9,0.345
P28300,P0DTC9,0.019
Q5JTV8,P0DTC9,1.956
Q6NXT4,P0DTC9,0.405
P13984,P0DTC9,1.598
O43818,P0DTC9,0.194
Q96S66,P0DTC9,0.09
P00387,P0DTC9,1.176
O75592,P0DTC9,0.892
Q9UBU6,P0DTC9,0.24
O96028,P0DTC9,1.413
Q92552,P0DTC9,0.281
Q7LGA3,P0DTC9,0.383
Q2PZI1,P0DTC9,0.177
Q5BJF2,P0DTC9,0.272
Q9BU02,P0DTC9,0.504
O43292,P0DTC9,2.248
Q9Y6M9,P0DTC9,0.334
Q8N6S5,P0DTC9,0.202
Q99988,P0DTC9,1.737
O95613,P0DTC9,0.484
P61026,P0DTC9,1.462
Q96ER3,P0DTC9,0.165
Q96S52,P0DTC9,0.194
Q86VM9,P0DTC9,0.408
Q6UUV7,P0DTC9,2.094
Q04726,P0DTC9,1.366
Q96DA6,P0DTC9,0.307
Q9NVH1,P0DTC9,0.453
Q9NZJ7,P0DTC9,0.124
Q14789,P0DTC9,2.717
Q86YT6,P0DTC9,0.732
Q92769,P0DTC9,1.261
O43823,P0DTC9,2.75
Q6NXT6,P0DTC9,0.272
Q96N16,P0DTC9,1.596
Q9NW13,P0DTC9,0.058
Q15904,P0DTC9,3.105
P29122,P0DTC9,0.698
Q7Z3B4,P0DTC9,0.292
P52306,P0DTC9,0.478
Q9Y680,P0DTC9,0.369
P15151,P0DTC9,1.623
Q9C0B5,P0DTC9,0.128
P19784,P0DTC9,2.315
O95684,P0DTC9,1.822
Q96AY3,P0DTC9,0.369
Q08431,P0DTC9,0.413
O14745,P0DTC9,1.998
Q8NEW0,P0DTC9,0.059
Q7L2J0,P0DTC9,0.104
Q8TAD8,P0DTC9,0.497
Q8N183,P0DTC9,0.314
Q96IZ5,P0DTC9,0.11
Q9Y312,P0DTC9,0.13
P07203,P0DTC9,1.139
P11310,P0DTC9,2.435
Q15370,P0DTC9,2.075
Q9H845,P0DTC9,1.55
Q9P0L2,P0DTC9,0.44
Q96SN8,P0DTC9,1.962
P82663,P0DTC9,0.304
Q9UH99,P0DTC9,1.465
P26358,P0DTC9,2.121
Q8TEM1,P0DTC9,0.063
O95573,P0DTC9,2.582
Q9H270,P0DTC9,2.321
O14975,P0DTC9,1.688
O60885,P0DTC9,1.099
P31323,P0DTC9,1.98
Q7Z5G4,P0DTC9,0.402
Q9H773,P0DTC9,2.083
Q9HD40,P0DTC9,0.403
O14874,P0DTC9,0.175
Q4V328,P0DTC9,2.383
Q99567,P0DTC9,0.506
Q00765,P0DTC9,0.185
P61011,P0DTC9,0.4
P17612,P0DTC9,1.676
Q9BV19,P0DTC9,1.926
Q9BS26,P0DTC9,0.244
O00469,P0DTC9,0.548
Q96HW7,P0DTC9,0.155
Q92615,P0DTC9,0.433
Q14157,P0DTC9,0.043
Q13310,P0DTC9,0.402
Q8IWR1,P0DTC9,0.362
Q8IWR0,P0DTC9,0.304
Q7Z4Q2,P0DTC9,1.926
Q9BSC4,P0DTC9,0.052
Q96DZ1,P0DTC9,2.138
Q92820,P0DTC9,0.191
P63218,P0DTC9,1.532
Q5T1M5,P0DTC9,0.211
Q9HAV7,P0DTC9,1.919
P12109,P0DTC9,1.091
P67870,P0DTC9,1.868
Q96I59,P0DTC9,2.141
Q9Y276,P0DTC9,1.507
O00116,P0DTC9,0.564
Q5VU43,P0DTC9,1.465
Q2M389,P0DTC9,0.182
Q8N4C6,P0DTC9,0.883
Q15056,P0DTC9,0.856
Q76N32,P0DTC9,2.315
P05026,P0DTC9,1.238
Q14181,P0DTC9,3.534
P35555,P0DTC9,0.71
P35556,P0DTC9,0.311
Q9BVK2,P0DTC9,0.226
Q2TAA5,P0DTC9,0.198
Q5VT66,P0DTC9,1.987
P62820,P0DTC9,2.601
Q92995,P0DTC9,1.698
Q66GS9,P0DTC9,2.373
O14578,P0DTC9,2.123
P35658,P0DTC9,0.492
Q9Y3A6,P0DTC9,0.297
Q99470,P0DTC9,1.986
Q9NXK8,P0DTC9,0.388
P50897,P0DTC9,0.346
Q04724,P0DTC9,1.947
Q08379,P0DTC9,3.367
Q08378,P0DTC9,2.432
Q9H3K2,P0DTC9,0.272
Q9H7Z7,P0DTC9,2.622
Q9H173,P0DTC9,1.508
Q8NBJ5,P0DTC9,0.046
Q9ULT8,P0DTC9,0.294
O00124,P0DTC9,0.241
O94973,P0DTC9,1.886
Q5T6F2,P0DTC9,1.374
Q6PML9,P0DTC9,0.268
Q8NBX0,P0DTC9,0.116
P05556,P0DTC9,1.843
P61106,P0DTC9,1.207
Q86UT6,P0DTC9,1.489
Q13283,P0DTC9,1.81
Q9NU22,P0DTC9,2.82
Q5VT06,P0DTC9,0.401
Q99996,P0DTC9,4.647
Q13438,P0DTC9,0.543
P13804,P0DTC9,0.144
Q13546,P0DTC9,2.044
Q9BQQ3,P0DTC9,2.509
Q8NCA5,P0DTC9,0.007
Q9BRN9,P0DTC9,0.121
P61586,P0DTC9,1.766
Q5EBL8,P0DTC9,2.302
P37198,P0DTC9,1.295
Q13868,P0DTC9,0.41
O75964,P0DTC9,0.35
Q7Z7A1,P0DTC9,0.477
Q8N0X7,P0DTC9,2.165
Q9H6F5,P0DTC9,0.165
P62072,P0DTC9,1.478
Q9NV92,P0DTC9,2.18
Q96CW5,P0DTC9,1.174
Q9Y2I6,P0DTC9,0.695
Q96CW1,P0DTC9,2.07
Q9GZU3,P0DTC9,0.002
Q9UHD2,P0DTC9,2.374
O43633,P0DTC9,1.702
Q7KZI7,P0DTC9,0.924
Q92900,P0DTC9,1.068
Q96CN9,P0DTC9,2.125
Q8IWF2,P0DTC9,0.062
Q8TD10,P0DTC9,1.926
Q96IV0,P0DTC9,0.687
P49454,P0DTC9,1.871
P52948,P0DTC9,0.587
Q8TD19,P0DTC9,2.674
Q9UBX5,P0DTC9,2.129
Q969X5,P0DTC9,0.339
Q8WVC6,P0DTC9,1.179
P61962,P0DTC9,0.38
Q12907,P0DTC9,1.647
Q99519,P0DTC9,0.184
Q3KQU3,P0DTC9,0.449
Q9NYU1,P0DTC9,1.351
Q8TEQ8,P0DTC9,0.198
Q9UJC3,P0DTC9,2.247
Q96D53,P0DTC9,1.449
Q96HR9,P0DTC9,0.056
Q96A26,P0DTC9,0.5
Q9BVL2,P0DTC9,0.302
P82675,P0DTC9,0.318
Q9H2P9,P0DTC9,0.499
Q6NXT4,P0DTD2,0.019
Q6NXT4,P0DTD3,3.627
P82663,P0DTD2,0.019
P82663,P0DTD3,0.019
Q96CW1,P0DTD2,0.222
Q96CW1,P0DTD3,0.019
Q96SN8,P0DTD2,0.264
P67870,P0DTD2,0.329
P67870,P0DTD3,0.015
Q2M389,P0DTD2,0.042
Q2M389,P0DTD3,0.019
Q99519,P0DTD2,0.033
Q99519,P0DTD3,0.248
Q9NYU1,P0DTD2,0.019
Q9NYU1,P0DTD3,0.019
Q9HD40,P0DTD2,0.1
Q8TEQ8,P0DTD2,0.019
Q8TEQ8,P0DTD3,3.627
Q9Y4L1,P0DTD2,0.938
Q4G0J3,P0DTD2,0.075
Q96CN9,P0DTD2,0.042
Q96CN9,P0DTD3,0.371
Q15818,P0DTD2,0.019
Q15818,P0DTD3,0.019
Q8NEJ9,P0DTD2,0.274
Q8NEJ9,P0DTD3,0.019
Q8WUY8,P0DTD2,0.019
Q8WUY8,P0DTD3,3.627
Q9NXA8,P0DTD2,1.097
O75592,P0DTD2,0.737
O75592,P0DTD3,0.014
Q86VR2,P0DTD2,0.119
Q86VR2,P0DTD3,3.627
Q8IUD2,P0DTD2,0.042
Q8IUD2,P0DTD3,0.371
Q7Z4H8,P0DTD2,0.019
Q7Z4H8,P0DTD3,0.019
Q8N4C6,P0DTD2,0.262
Q8N4C6,P0DTD3,0.016
Q04724,P0DTD2,0.434
Q8N6S5,P0DTD2,0.019
Q8N6S5,P0DTD3,3.627
Q6UUV7,P0DTD2,0.632
Q04726,P0DTD2,0.434
Q14789,P0DTD2,0.146
P61916,P0DTD2,0.019
P61916,P0DTD3,0.019
Q9UHD2,P0DTD2,1.998
P52306,P0DTD2,0.331
Q9Y680,P0DTD2,0.019
Q9Y680,P0DTD3,0.019
O95684,P0DTD2,0.082
Q9C0B5,P0DTD2,0.2
Q9C0B5,P0DTD3,2.424
Q8TAD8,P0DTD2,0.411
P07203,P0DTD2,0.709
Q15370,P0DTD2,0.191
P49454,P0DTD2,0.057
P49454,P0DTD3,0.019
Q9P0L2,P0DTD2,0.434
P26358,P0DTD2,0.222
P26358,P0DTD3,0.019
Q8TEM1,P0DTD2,0.044
Q8TEM1,P0DTD3,1.999
P61006,P0DTD2,0.291
P61006,P0DTD3,0.137
P21964,P0DTD2,0.337
P21964,P0DTD3,1.533
Q00765,P0DTD2,0.019
Q00765,P0DTD3,3.627
Q4V328,P0DTD2,0.045
Q4V328,P0DTD3,0.195
P35555,P0DTD2,0.419
P35658,P0DTD2,0.14
Q9BSJ2,P0DTD2,0.019
Q9BSJ2,P0DTD3,0.019
Q99988,P0DTD2,0.325
Q08379,P0DTD2,0.042
Q08379,P0DTD3,0.019
Q08378,P0DTD2,0.048
Q08378,P0DTD3,0.371
Q9H3K2,P0DTD2,0.117
Q9H7Z7,P0DTD2,0.21
Q9H7Z7,P0DTD3,1.818
Q9H173,P0DTD2,0.019
Q9H173,P0DTD3,0.019
O94973,P0DTD2,0.051
P05026,P0DTD2,0.492
P05026,P0DTD3,0.724
P05556,P0DTD2,0.318
P05556,P0DTD3,0.21
P55085,P0DTD2,1.145
Q8NEW0,P0DTD2,0.114
Q8NEW0,P0DTD3,1.818
Q9BQQ3,P0DTD2,0.1
P37198,P0DTD2,0.934
P37198,P0DTD3,0.724
Q9GZU3,P0DTD2,0.019
Q9GZU3,P0DTD3,3.627
O75506,P0DTD2,0.009
P51149,P0DTD2,0.046
P51148,P0DTD2,0.042
Q9UKA9,P0DTD2,0.1
Q96MM7,P0DTD2,0.019
P78406,P0DTD2,0.178
Q8IZ52,P0DTD2,0.031
Q8IV08,P0DTD2,1.028
Q9NQC3,P0DTD2,0.183
Q2PZI1,P0DTD2,0.019
Q9H8W4,P0DTD2,0.039
P11940,P0DTD2,0.975
Q9BW92,P0DTD2,0.019
Q08431,P0DTD2,0.09
O75347,P0DTD2,0.042
Q99720,P0DTD2,0.033
Q14157,P0DTD2,0.042
O43823,P0DTD2,0.814
Q9H2H8,P0DTD2,0.03
Q9Y375,P0DTD2,0.019
Q9UDR5,P0DTD2,0.191
Q9NY61,P0DTD2,0.413
O95573,P0DTD2,0.151
Q12770,P0DTD2,0.38
Q9Y5J9,P0DTD2,0.042
Q10713,P0DTD2,0.019
P62330,P0DTD2,0.212
Q13443,P0DTD2,0.789
Q5VUA4,P0DTD2,0.067
P38606,P0DTD2,0.036
Q6Y7W6,P0DTD2,0.252
P28300,P0DTD2,0.398
Q5JTV8,P0DTD2,0.226
Q6NXT6,P0DTD2,0.005
Q96S66,P0DTD2,0.029
P00387,P0DTD2,0.019
A7MCY6,P0DTD2,1.264
Q9UBU6,P0DTD2,0.019
Q7LGA3,P0DTD2,0.019
Q5BJF2,P0DTD2,0.035
Q9NXK8,P0DTD2,0.191
O95613,P0DTD2,0.102
P61026,P0DTD2,0.037
Q7KZI7,P0DTD2,0.434
Q9BVL2,P0DTD2,0.293
Q9NZJ7,P0DTD2,0.152
Q86YT6,P0DTD2,0.11
Q92769,P0DTD2,0.534
Q96N16,P0DTD2,0.028
Q9NW13,P0DTD2,0.11
Q7Z3B4,P0DTD2,0.318
O43633,P0DTD2,0.048
Q5VT06,P0DTD2,0.17
P61011,P0DTD2,0.035
Q96AY3,P0DTD2,0.357
O14745,P0DTD2,0.555
Q7L2J0,P0DTD2,1.335
Q8N183,P0DTD2,0.646
Q9HAV7,P0DTD2,0.03
Q9UH99,P0DTD2,0.168
Q8IWR1,P0DTD2,2.144
Q15904,P0DTD2,0.029
Q9H270,P0DTD2,0.096
O60885,P0DTD2,0.014
Q96I59,P0DTD2,0.019
O14874,P0DTD2,0.08
Q99567,P0DTD2,0.067
P17612,P0DTD2,0.482
O00469,P0DTD2,0.042
Q13310,P0DTD2,0.283
Q12907,P0DTD2,0.042
Q5VT66,P0DTD2,0.019
P27105,P0DTD2,1.154
Q92820,P0DTD2,0.369
O96028,P0DTD2,0.575
Q5T1M5,P0DTD2,0.086
P12109,P0DTD2,0.246
Q9UBX5,P0DTD2,0.185
Q4KMQ2,P0DTD2,1.283
Q9BVK2,P0DTD2,0.019
Q2TAA5,P0DTD2,0.019
O14578,P0DTD2,0.22
P62820,P0DTD2,0.119
Q92995,P0DTD2,0.117
Q15056,P0DTD2,0.019
Q9Y3A6,P0DTD2,0.031
P19784,P0DTD2,0.171
Q7Z7A1,P0DTD2,0.132
P50897,P0DTD2,0.407
P29122,P0DTD2,0.019
Q9ULT8,P0DTD2,0.362
P11310,P0DTD2,0.365
Q6PML9,P0DTD2,0.019
P61106,P0DTD2,2.66
Q9BQT8,P0DTD2,0.019
P31323,P0DTD2,0.271
Q92900,P0DTD2,0.539
Q99996,P0DTD2,1.79
Q13438,P0DTD2,0.1
Q86UT6,P0DTD2,1.867
Q70EL1,P0DTD2,0.1
Q13546,P0DTD2,1.525
Q13283,P0DTD2,1.293
P61586,P0DTD2,0.496
Q5EBL8,P0DTD2,0.034
Q8N0X7,P0DTD2,0.254
Q9Y312,P0DTD2,0.01
Q9NV92,P0DTD2,0.054
Q9Y2I6,P0DTD2,0.042
Q9P2E5,P0DTD2,0.039
Q96HR9,P0DTD2,0.034
P52948,P0DTD2,0.067
Q8TD19,P0DTD2,0.03
Q969X5,P0DTD2,0.042
P61962,P0DTD2,0.191
Q3KQU3,P0DTD2,0.019
Q9UJC3,P0DTD2,0.073
Q96D53,P0DTD2,0.114
Q96IV0,P0DTD2,0.937
P09601,P0DTD2,0.734
Q96A26,P0DTD2,0.019
P51149,P0DTD3,0.371
P51148,P0DTD3,0.019
P09601,P0DTD3,0.489
Q96MM7,P0DTD3,3.627
Q8IZ52,P0DTD3,1.533
Q8IV08,P0DTD3,2.542
Q9P2E5,P0DTD3,2.542
Q9NQC3,P0DTD3,0.013
O96028,P0DTD3,0.013
Q2PZI1,P0DTD3,3.627
Q9H8W4,P0DTD3,0.254
P11940,P0DTD3,0.019
Q9BW92,P0DTD3,0.019
O75347,P0DTD3,0.019
Q99720,P0DTD3,0.237
Q14157,P0DTD3,0.019
Q9Y375,P0DTD3,0.019
Q9NY61,P0DTD3,0.019
Q12770,P0DTD3,0.248
Q10713,P0DTD3,0.019
Q6Y7W6,P0DTD3,3.627
Q13443,P0DTD3,2.659
P38606,P0DTD3,0.195
P62330,P0DTD3,0.16
P28300,P0DTD3,0.01
Q5JTV8,P0DTD3,2.542
P00387,P0DTD3,0.371
Q9UBU6,P0DTD3,3.627
Q7LGA3,P0DTD3,3.627
Q5BJF2,P0DTD3,2.542
P50897,P0DTD3,0.019
O95613,P0DTD3,0.019
P61026,P0DTD3,0.297
Q92820,P0DTD3,0.019
Q9BVL2,P0DTD3,0.371
Q9NZJ7,P0DTD3,2.542
Q86YT6,P0DTD3,0.01
O43823,P0DTD3,0.019
Q9NW13,P0DTD3,0.01
Q15904,P0DTD3,1.649
Q7Z3B4,P0DTD3,0.371
Q5VT06,P0DTD3,0.008
P61011,P0DTD3,0.019
Q08431,P0DTD3,0.371
O14745,P0DTD3,0.167
Q9Y312,P0DTD3,0.01
Q9BQT8,P0DTD3,3.627
Q9UH99,P0DTD3,0.379
O95573,P0DTD3,2.542
Q9H270,P0DTD3,0.16
Q96I59,P0DTD3,0.019
Q96S66,P0DTD3,0.51
P17612,P0DTD3,0.019
O00469,P0DTD3,0.371
P27105,P0DTD3,0.019
Q8IWR1,P0DTD3,2.542
Q12907,P0DTD3,0.371
P12109,P0DTD3,0.724
Q9BVK2,P0DTD3,3.627
Q2TAA5,P0DTD3,3.627
P62820,P0DTD3,0.019
Q15056,P0DTD3,0.019
Q9Y3A6,P0DTD3,1.999
P19784,P0DTD3,0.014
Q7Z7A1,P0DTD3,0.019
P29122,P0DTD3,0.019
Q3KQU3,P0DTD3,0.019
Q9Y5J9,P0DTD3,0.371
Q6PML9,P0DTD3,3.627
P61106,P0DTD3,0.254
P31323,P0DTD3,0.16
Q92900,P0DTD3,0.019
Q99996,P0DTD3,0.195
Q13546,P0DTD3,0.371
Q13283,P0DTD3,0.019
P61586,P0DTD3,0.192
Q5EBL8,P0DTD3,0.019
Q8N0X7,P0DTD3,0.019
Q5VT66,P0DTD3,3.627
Q9NV92,P0DTD3,1.999
Q9Y2I6,P0DTD3,0.019
Q96N16,P0DTD3,0.013
O43633,P0DTD3,0.371
Q96AY3,P0DTD3,0.016
Q5T1M5,P0DTD3,0.019
Q969X5,P0DTD3,0.371
Q9UJC3,P0DTD3,0.019
Q96D53,P0DTD3,1.818
Q96HR9,P0DTD3,1.999
Q96A26,P0DTD3,2.542
